Time,Latitude,Longitude,counts
1713002988.69,0,0,21866.0
1713002990.73,0,0,55.0
1713002992.68,0,0,48.0
1713002994.66,0,0,48.0
1713002996.71,0,0,53.5
1713002998.68,0,0,63.5
1713003000.68,0,0,57.0
1713003002.68,0,0,60.5
1713003004.66,0,0,60.5
1713003006.68,0,0,56.0
1713003008.68,0,0,55.5
1713003010.68,0,0,53.0
1713003012.66,0,0,53.0
1713003014.68,0,0,65.5
1713003016.68,0,0,53.5
1713003018.68,0,0,51.5
1713003020.68,0,0,58.0
1713003022.66,0,0,58.0
1713003024.68,0,0,56.0
1713003026.68,0,0,54.5
1713003028.68,0,0,52.5
1713003030.68,0,0,60.5
1713003032.67,0,0,60.5
1713003034.68,0,0,50.5
1713003036.68,0,0,54.0
1713003038.68,0,0,51.5
1713003040.66,0,0,51.5
1713003042.68,0,0,49.5
1713003044.68,0,0,54.5
1713003046.68,0,0,47.5
1713003048.68,0,0,61.5
1713003050.66,0,0,61.5
1713003052.68,0,0,52.0
1713003054.68,0,0,62.5
1713003056.69,0,0,48.5
1713003058.68,0,0,56.5
1713003060.66,0,0,56.5
1713003062.68,0,0,65.5
1713003064.68,0,0,56.5
1713003066.69,0,0,54.5
1713003068.66,0,0,54.5
1713003070.68,0,0,55.0
1713003072.68,0,0,61.5
1713003074.68,0,0,50.0
1713003076.69,0,0,61.5
1713003078.66,0,0,61.5
1713003080.68,0,0,48.5
1713003082.68,0,0,64.0
1713003084.68,0,0,58.0
1713003086.7,0,0,57.0
1713003088.66,0,0,57.0
1713003090.69,0,0,51.5
1713003092.68,0,0,60.5
1713003094.68,0,0,50.0
1713003096.67,0,0,50.0
1713003098.68,0,0,56.0
1713003100.69,0,0,56.0
1713003102.68,0,0,57.5
1713003104.68,0,0,52.0
1713003106.66,0,0,52.0
1713003108.69,0,0,65.5
1713003110.68,0,0,51.0
1713003112.68,0,0,55.5
1713003114.66,0,0,55.5
1713003116.7,0,0,53.0
1713003118.68,0,0,53.0
1713003120.68,0,0,55.5
1713003122.68,0,0,53.0
1713003124.66,0,0,53.0
1713003126.69,0,0,55.0
1713003128.68,0,0,60.5
1713003130.69,0,0,55.0
1713003132.68,0,0,50.0
1713003134.67,0,0,50.0
1713003136.69,0,0,54.0
1713003138.68,0,0,58.0
1713003140.68,0,0,51.0
1713003142.66,0,0,51.0
1713003144.68,0,0,54.5
1713003146.68,0,0,58.5
1713003148.68,0,0,59.0
1713003150.68,0,0,56.0
1713003152.66,0,0,56.0
1713003154.68,0,0,53.0
1713003156.68,0,0,56.0
1713003158.68,0,0,68.5
1713003160.68,0,0,52.5
1713003162.66,0,0,52.5
1713003164.69,0,0,52.5
1713003166.68,0,0,57.0
1713003168.68,0,0,54.5
1713003170.67,0,0,54.5
1713003172.68,0,0,59.5
1713003174.68,0,0,48.0
1713003176.68,0,0,61.0
1713003178.68,0,0,61.0
1713003180.66,0,0,61.0
1713003182.68,0,0,47.0
1713003184.68,0,0,53.0
1713003186.68,0,0,59.0
1713003188.67,0,0,59.0
1713003190.69,0,0,52.0
1713003192.68,0,0,60.0
1713003194.68,0,0,54.5
1713003196.68,0,0,57.0
1713003198.66,0,0,57.0
1713003200.68,0,0,64.5
1713003202.69,0,0,49.0
1713003204.68,0,0,59.0
1713003206.68,0,0,48.5
1713003208.66,0,0,48.5
1713003210.68,0,0,52.0
1713003212.68,0,0,51.5
1713003214.68,0,0,58.5
1713003216.67,0,0,58.5
1713003218.68,0,0,56.5
1713003220.68,0,0,60.0
1713003222.68,0,0,55.5
1713003224.68,0,0,56.0
1713003226.67,0,0,56.0
1713003228.68,0,0,59.0
1713003230.68,0,0,53.5
1713003232.68,0,0,58.0
1713003234.68,0,0,66.0
1713003236.66,0,0,66.0
1713003238.68,0,0,52.0
1713003240.68,0,0,53.5
1713003242.68,0,0,55.5
1713003244.66,0,0,55.5
1713003246.68,0,0,59.0
1713003248.68,0,0,55.5
1713003250.68,0,0,57.5
1713003252.68,0,0,56.0
1713003254.67,0,0,56.0
1713003256.68,0,0,60.0
1713003258.68,0,0,56.0
1713003260.68,0,0,59.5
1713003262.68,0,0,57.5
1713003264.66,0,0,57.5
1713003266.68,0,0,55.0
1713003268.68,0,0,55.0
1713003270.68,0,0,52.0
1713003272.66,0,0,52.0
1713003274.68,0,0,61.5
1713003276.68,0,0,45.5
1713003278.69,0,0,67.0
1713003280.68,0,0,60.5
1713003282.67,0,0,60.5
1713003284.68,0,0,62.0
1713003286.68,0,0,46.5
1713003288.68,0,0,57.5
1713003290.66,0,0,57.5
1713003292.68,0,0,56.0
1713003294.68,0,0,59.5
1713003296.68,0,0,51.0
1713003298.68,0,0,59.0
1713003300.66,0,0,59.0
1713003302.68,0,0,65.5
1713003304.68,0,0,54.5
1713003306.68,0,0,59.0
1713003308.68,0,0,55.0
1713003310.66,0,0,55.0
1713003312.68,0,0,53.5
1713003314.68,0,0,53.0
1713003316.69,0,0,62.5
1713003318.66,0,0,62.5
1713003320.69,0,0,54.5
1713003322.68,0,0,54.5
1713003324.68,0,0,60.5
1713003326.68,0,0,66.5
1713003328.66,0,0,66.5
1713003330.68,0,0,60.5
1713003332.68,0,0,55.5
1713003334.68,0,0,56.5
1713003336.68,0,0,65.5
1713003338.66,0,0,65.5
1713003340.68,0,0,56.0
1713003342.68,0,0,52.5
1713003344.68,0,0,55.5
1713003346.66,0,0,55.5
1713003348.68,0,0,62.0
1713003350.68,0,0,62.0
1713003352.68,0,0,45.5
1713003354.68,0,0,56.5
1713003356.66,0,0,56.5
1713003358.68,0,0,50.0
1713003360.68,0,0,51.0
1713003362.68,0,0,54.0
1713003364.68,0,0,51.0
1713003366.66,0,0,51.0
1713003368.68,0,0,53.5
1713003370.68,0,0,57.5
1713003372.68,0,0,67.0
1713003374.66,0,0,67.0
1713003376.69,0,0,55.0
1713003378.69,0,0,61.5
1713003380.68,0,0,56.0
1713003382.68,0,0,59.5
1713003384.68,0,0,59.5
1713003386.69,0,0,53.5
1713003388.68,0,0,40.0
1713003390.68,0,0,53.0
1713003392.68,0,0,56.0
1713003394.66,0,0,56.0
1713003396.69,0,0,59.0
1713003398.68,0,0,60.5
1713003400.68,0,0,51.0
1713003402.66,0,0,51.0
1713003404.68,0,0,56.0
1713003406.69,0,0,52.0
1713003408.68,0,0,47.0
1713003410.68,0,0,65.0
1713003412.66,0,0,65.0
1713003414.68,0,0,64.5
1713003416.68,0,0,58.0
1713003418.68,0,0,57.0
1713003420.66,0,0,57.0
1713003422.68,0,0,55.5
1713003424.68,0,0,54.5
1713003426.68,0,0,54.0
1713003428.68,0,0,47.5
1713003430.67,0,0,47.5
1713003432.68,0,0,54.0
1713003434.68,0,0,55.5
1713003436.68,0,0,61.0
1713003438.68,0,0,48.5
1713003440.66,0,0,48.5
1713003442.68,0,0,56.0
1713003444.68,0,0,55.0
1713003446.68,0,0,53.0
1713003448.66,0,0,53.0
1713003450.68,0,0,61.0
1713003452.68,0,0,49.5
1713003454.68,0,0,66.5
1713003456.68,0,0,55.0
1713003458.67,0,0,55.0
1713003460.68,0,0,53.0
1713003462.68,0,0,52.0
1713003464.68,0,0,61.0
1713003466.68,0,0,45.5
1713003468.66,0,0,45.5
1713003470.68,0,0,55.0
1713003472.68,0,0,61.5
1713003474.68,0,0,56.5
1713003476.66,0,0,56.5
1713003478.68,0,0,49.5
1713003480.68,0,0,51.5
1713003482.68,0,0,50.0
1713003484.68,0,0,54.0
1713003486.66,0,0,54.0
1713003488.68,0,0,56.0
1713003490.68,0,0,54.5
1713003492.68,0,0,55.5
1713003494.68,0,0,58.0
1713003496.66,0,0,58.0
1713003498.68,0,0,55.5
1713003500.68,0,0,56.0
1713003502.68,0,0,60.5
1713003504.66,0,0,60.5
1713003506.68,0,0,49.0
1713003508.68,0,0,51.5
1713003510.68,0,0,60.5
1713003512.68,0,0,58.0
1713003514.67,0,0,58.0
1713003516.68,0,0,60.5
1713003518.68,0,0,53.5
1713003520.68,0,0,67.5
1713003522.66,0,0,67.5
1713003524.68,0,0,42.5
1713003526.68,0,0,55.0
1713003528.68,0,0,46.5
1713003530.68,0,0,51.5
1713003532.68,0,0,51.5
1713003534.68,0,0,53.5
1713003536.68,0,0,56.0
1713003538.68,0,0,51.0
1713003540.68,0,0,60.5
1713003542.66,0,0,60.5
1713003544.68,0,0,56.5
1713003546.68,0,0,61.0
1713003548.68,0,0,57.0
1713003550.66,0,0,57.0
1713003552.68,0,0,61.0
1713003554.68,0,0,53.0
1713003556.69,0,0,65.5
1713003558.69,0,0,49.0
1713003560.66,0,0,49.0
1713003562.68,0,0,55.5
1713003564.68,0,0,45.5
1713003566.68,0,0,47.5
1713003568.68,0,0,58.0
1713003570.66,0,0,58.0
1713003572.68,0,0,59.5
1713003574.68,0,0,52.0
1713003576.68,0,0,67.0
1713003578.67,0,0,67.0
1713003580.69,0,0,58.5
1713003582.69,0,0,60.0
1713003584.68,0,0,55.5
1713003586.68,0,0,63.0
1713003588.66,0,0,63.0
1713003590.68,0,0,55.5
1713003592.68,0,0,64.5
1713003594.69,0,0,60.0
1713003596.68,0,0,59.0
1713003598.66,0,0,59.0
1713003600.68,0,0,51.0
1713003602.68,0,0,55.0
1713003604.68,0,0,53.0
1713003606.66,0,0,53.0
1713003608.68,0,0,59.0
1713003610.68,0,0,56.0
1713003612.68,0,0,52.0
1713003614.68,0,0,54.5
1713003616.67,0,0,54.5
1713003618.68,0,0,56.0
1713003620.68,0,0,57.5
1713003622.68,0,0,61.5
1713003624.66,0,0,61.5
1713003626.68,0,0,53.5
1713003628.69,0,0,58.5
1713003630.68,0,0,54.5
1713003632.68,0,0,59.5
1713003634.66,0,0,59.5
1713003636.69,0,0,59.5
1713003638.69,0,0,52.5
1713003640.68,0,0,67.5
1713003642.68,0,0,63.0
1713003644.66,0,0,63.0
1713003646.68,0,0,56.5
1713003648.69,0,0,58.5
1713003650.68,0,0,53.5
1713003652.67,0,0,53.5
1713003654.68,0,0,61.5
1713003656.69,0,0,48.5
1713003658.7,0,0,66.5
1713003660.68,0,0,46.0
1713003662.67,0,0,46.0
1713003664.68,0,0,57.5
1713003666.69,0,0,52.5
1713003668.69,0,0,49.5
1713003670.66,0,0,49.5
1713003672.68,0,0,60.5
1713003674.69,0,0,57.5
1713003676.68,0,0,56.5
1713003678.69,0,0,56.0
1713003680.68,0,0,56.0
1713003682.68,0,0,60.0
1713003684.68,0,0,55.0
1713003686.68,0,0,52.5
1713003688.7,0,0,62.0
1713003690.66,0,0,62.0
1713003692.69,0,0,58.0
1713003694.69,0,0,48.5
1713003696.68,0,0,56.0
1713003698.68,0,0,56.0
1713003700.68,0,0,51.0
1713003702.7,0,0,48.0
1713003704.68,0,0,47.0
1713003706.68,0,0,52.0
1713003708.67,0,0,52.0
1713003710.68,0,0,58.5
1713003712.69,0,0,59.0
1713003714.68,0,0,54.5
1713003716.68,0,0,59.0
1713003718.67,0,0,59.0
1713003720.68,0,0,53.5
1713003722.68,0,0,54.0
1713003724.68,0,0,63.5
1713003726.67,0,0,63.5
1713003728.68,0,0,46.0
1713003730.68,0,0,56.0
1713003732.68,0,0,56.5
1713003734.69,0,0,56.5
1713003736.67,0,0,56.5
1713003738.68,0,0,57.0
1713003740.68,0,0,57.5
1713003742.68,0,0,55.5
1713003744.68,0,0,60.0
1713003746.66,0,0,60.0
1713003748.69,0,0,58.0
1713003750.68,0,0,58.5
1713003752.68,0,0,62.0
1713003754.66,0,0,62.0
1713003756.68,0,0,53.0
1713003758.69,0,0,62.5
1713003760.68,0,0,61.0
1713003762.68,0,0,51.5
1713003764.66,0,0,51.5
1713003766.68,0,0,64.0
1713003768.69,0,0,55.0
1713003770.68,0,0,61.0
1713003772.67,0,0,61.0
1713003774.68,0,0,59.0
1713003776.68,0,0,50.5
1713003778.69,0,0,52.5
1713003780.68,0,0,64.0
1713003782.66,0,0,64.0
1713003784.68,0,0,56.0
1713003786.68,0,0,54.5
1713003788.69,0,0,51.0
1713003790.69,0,0,51.0
1713003792.68,0,0,51.0
1713003794.69,0,0,51.5
1713003796.69,0,0,69.0
1713003798.69,0,0,57.5
1713003800.66,0,0,57.5
1713003802.68,0,0,52.0
1713003804.68,0,0,54.0
1713003806.68,0,0,51.0
1713003808.7,0,0,53.5
1713003810.67,0,0,53.5
1713003812.68,0,0,63.0
1713003814.69,0,0,49.5
1713003816.68,0,0,50.5
1713003818.73,0,0,46.0
1713003820.66,0,0,46.0
1713003822.68,0,0,52.5
1713003824.72,0,0,56.5
1713003826.68,0,0,52.0
1713003828.69,0,0,55.5
1713003830.68,0,0,55.5
1713003832.68,0,0,63.0
1713003834.69,0,0,61.5
1713003836.74,0,0,51.5
1713003838.67,0,0,51.5
1713003840.68,0,0,57.0
1713003842.68,0,0,53.0
1713003844.68,0,0,52.0
1713003846.69,0,0,59.0
1713003848.67,0,0,59.0
1713003850.68,0,0,57.5
1713003852.68,0,0,49.5
1713003854.68,0,0,66.0
1713003856.67,0,0,66.0
1713003858.68,0,0,51.5
1713003860.68,0,0,51.5
1713003862.68,0,0,62.0
1713003864.69,0,0,49.5
1713003866.66,0,0,49.5
1713003868.68,0,0,70.5
1713003870.68,0,0,61.5
1713003872.68,0,0,49.5
1713003874.68,0,0,50.0
1713003876.66,0,0,50.0
1713003878.69,0,0,60.0
1713003880.68,0,0,60.0
1713003882.7,0,0,48.0
1713003884.66,0,0,48.0
1713003886.68,0,0,66.5
1713003888.7,0,0,62.0
1713003890.69,0,0,62.5
1713003892.68,0,0,51.5
1713003894.66,0,0,51.5
1713003896.68,0,0,50.5
1713003898.7,0,0,63.0
1713003900.68,0,0,58.5
1713003902.68,0,0,60.0
1713003904.66,0,0,60.0
1713003906.68,0,0,63.0
1713003908.7,0,0,50.5
1713003910.69,0,0,48.5
1713003912.66,0,0,48.5
1713003914.68,0,0,61.0
1713003916.68,0,0,59.0
1713003918.69,0,0,62.5
1713003920.68,0,0,60.5
1713003922.66,0,0,60.5
1713003924.68,0,0,52.0
1713003926.68,0,0,59.0
1713003928.69,0,0,54.5
1713003930.69,0,0,69.0
1713003932.66,0,0,69.0
1713003934.68,0,0,44.5
1713003936.68,0,0,55.0
1713003938.69,0,0,53.5
1713003940.66,0,0,53.5
1713003942.68,0,0,60.0
1713003944.69,0,0,63.5
1713003946.68,0,0,62.5
1713003948.69,0,0,59.0
1713003950.66,0,0,59.0
1713003952.68,0,0,61.5
1713003954.68,0,0,51.0
1713003956.68,0,0,56.0
1713003958.66,0,0,56.0
1713003960.69,0,0,52.5
1713003962.68,0,0,57.5
1713003964.68,0,0,50.5
1713003966.68,0,0,64.0
1713003968.68,0,0,64.0
1713003970.68,0,0,56.0
1713003972.68,0,0,56.5
1713003974.68,0,0,46.0
1713003976.68,0,0,65.5
1713003978.7,0,0,65.5
1713003980.68,0,0,61.0
1713003982.69,0,0,59.5
1713003984.68,0,0,66.0
1713003986.66,0,0,66.0
1713003988.68,0,0,62.5
1713003990.68,0,0,67.0
1713003992.68,0,0,61.5
1713003994.68,0,0,60.0
1713003996.66,0,0,60.0
1713003998.7,0,0,58.5
1713004000.68,0,0,52.0
1713004002.68,0,0,66.5
1713004004.66,0,0,66.5
1713004006.69,0,0,59.0
1713004008.69,0,0,53.0
1713004010.68,0,0,63.5
1713004012.68,0,0,56.5
1713004014.66,0,0,56.5
1713004016.68,0,0,52.0
1713004018.69,0,0,54.5
1713004020.69,0,0,63.0
1713004022.69,0,0,56.5
1713004024.68,0,0,56.5
1713004026.69,0,0,50.5
1713004028.69,0,0,65.5
1713004030.68,0,0,54.0
1713004032.66,0,0,54.0
1713004034.69,0,0,53.5
1713004036.69,0,0,46.0
1713004038.69,0,0,54.5
1713004040.68,0,0,56.0
1713004042.66,0,0,56.0
1713004044.68,0,0,60.0
1713004046.68,0,0,65.5
1713004048.7,0,0,54.5
1713004050.66,0,0,54.5
1713004052.69,0,0,47.0
1713004054.69,0,0,52.0
1713004056.68,0,0,49.0
1713004058.7,0,0,52.5
1713004060.66,0,0,52.5
1713004062.68,0,0,52.0
1713004064.68,0,0,53.0
1713004066.68,0,0,54.5
1713004068.7,0,0,62.5
1713004070.67,0,0,62.5
1713004072.69,0,0,56.5
1713004074.69,0,0,61.0
1713004076.68,0,0,57.0
1713004078.68,0,0,57.0
1713004080.69,0,0,50.5
1713004082.68,0,0,53.0
1713004084.68,0,0,58.5
1713004086.68,0,0,59.5
1713004088.68,0,0,59.5
1713004090.68,0,0,61.5
1713004092.68,0,0,59.5
1713004094.68,0,0,52.5
1713004096.68,0,0,48.0
1713004098.67,0,0,48.0
1713004100.68,0,0,59.0
1713004102.68,0,0,52.5
1713004104.68,0,0,57.0
1713004106.67,0,0,57.0
1713004108.68,0,0,48.5
1713004110.68,0,0,50.5
1713004112.68,0,0,54.5
1713004114.68,0,0,56.5
1713004116.66,0,0,56.5
1713004118.69,0,0,53.5
1713004120.68,0,0,45.0
1713004122.68,0,0,52.0
1713004124.68,0,0,49.5
1713004126.66,0,0,49.5
1713004128.68,0,0,45.5
1713004130.68,0,0,61.0
1713004132.68,0,0,56.5
1713004134.66,0,0,56.5
1713004136.68,0,0,58.0
1713004138.7,0,0,53.5
1713004140.68,0,0,58.5
1713004142.68,0,0,61.0
1713004144.66,0,0,61.0
1713004146.68,0,0,60.5
1713004148.69,0,0,59.5
1713004150.68,0,0,54.0
1713004152.66,0,0,54.0
1713004154.68,0,0,55.0
1713004156.69,0,0,56.5
1713004158.69,0,0,51.0
1713004160.68,0,0,55.5
1713004162.66,0,0,55.5
1713004164.68,0,0,60.5
1713004166.68,0,0,59.0
1713004168.69,0,0,60.5
1713004170.68,0,0,60.0
1713004172.68,0,0,60.0
1713004174.68,0,0,54.5
1713004176.68,0,0,58.0
1713004178.7,0,0,56.0
1713004180.66,0,0,56.0
1713004182.68,0,0,52.5
1713004184.7,0,0,63.0
1713004186.68,0,0,50.0
1713004188.7,0,0,48.0
1713004190.66,0,0,48.0
1713004192.68,0,0,53.0
1713004194.68,0,0,57.0
1713004196.68,0,0,56.5
1713004198.67,0,0,56.5
1713004200.69,0,0,42.5
1713004202.69,0,0,56.5
1713004204.68,0,0,60.5
1713004206.69,0,0,58.5
1713004208.67,0,0,58.5
1713004210.69,0,0,64.5
1713004212.68,0,0,56.0
1713004214.68,0,0,60.0
1713004216.68,0,0,47.5
1713004218.68,0,0,47.5
1713004220.68,0,0,58.0
1713004222.68,0,0,55.0
1713004224.68,0,0,56.0
1713004226.66,0,0,56.0
1713004228.68,0,0,50.0
1713004230.68,0,0,58.0
1713004232.68,0,0,57.5
1713004234.68,0,0,62.0
1713004236.66,0,0,62.0
1713004238.69,0,0,60.0
1713004240.69,0,0,55.5
1713004242.68,0,0,57.5
1713004244.68,0,0,57.0
1713004246.66,0,0,57.0
1713004248.68,0,0,64.0
1713004250.68,0,0,58.5
1713004252.68,0,0,49.0
1713004254.66,0,0,49.0
1713004256.68,0,0,50.5
1713004258.7,0,0,58.5
1713004260.68,0,0,60.0
1713004262.68,0,0,49.0
1713004264.67,0,0,49.0
1713004266.69,0,0,57.5
1713004268.7,0,0,63.5
1713004270.68,0,0,52.5
1713004272.66,0,0,52.5
1713004274.68,0,0,54.5
1713004276.68,0,0,67.5
1713004278.69,0,0,57.5
1713004280.68,0,0,54.5
1713004282.66,0,0,54.5
1713004284.68,0,0,57.0
1713004286.68,0,0,49.0
1713004288.69,0,0,51.5
1713004290.69,0,0,53.5
1713004292.66,0,0,53.5
1713004294.68,0,0,63.5
1713004296.68,0,0,51.5
1713004298.69,0,0,60.0
1713004300.66,0,0,60.0
1713004302.68,0,0,62.0
1713004304.68,0,0,59.5
1713004306.68,0,0,42.5
1713004308.69,0,0,57.0
1713004310.66,0,0,57.0
1713004312.68,0,0,64.0
1713004314.68,0,0,50.0
1713004316.68,0,0,63.0
1713004318.69,0,0,61.5
1713004320.69,0,0,61.5
1713004322.69,0,0,62.0
1713004324.68,0,0,54.0
1713004326.68,0,0,52.5
1713004328.66,0,0,52.5
1713004330.68,0,0,54.5
1713004332.68,0,0,47.5
1713004334.68,0,0,52.5
1713004336.68,0,0,56.5
1713004338.67,0,0,56.5
1713004340.68,0,0,47.5
1713004342.68,0,0,55.0
1713004344.68,0,0,50.5
1713004346.67,0,0,50.5
1713004348.68,0,0,52.0
1713004350.68,0,0,54.5
1713004352.68,0,0,50.5
1713004354.68,0,0,60.5
1713004356.66,0,0,60.5
1713004358.69,0,0,53.0
1713004360.69,0,0,53.5
1713004362.68,0,0,60.5
1713004364.68,0,0,64.5
1713004366.67,0,0,64.5
1713004368.69,0,0,57.5
1713004370.68,0,0,56.5
1713004372.68,0,0,59.5
1713004374.66,0,0,59.5
1713004376.68,0,0,56.5
1713004378.69,0,0,56.0
1713004380.68,0,0,56.5
1713004382.68,0,0,49.5
1713004384.66,0,0,49.5
1713004386.68,0,0,61.0
1713004388.69,0,0,62.5
1713004390.68,0,0,52.5
1713004392.68,0,0,53.5
1713004394.66,0,0,53.5
1713004396.68,0,0,59.5
1713004398.69,0,0,53.5
1713004400.68,0,0,60.5
1713004402.66,0,0,60.5
1713004404.68,0,0,48.5
1713004406.68,0,0,54.5
1713004408.7,0,0,56.5
1713004410.68,0,0,55.5
1713004412.66,0,0,55.5
1713004414.68,0,0,49.5
1713004416.69,0,0,61.5
1713004418.69,0,0,55.0
1713004420.68,0,0,46.0
1713004422.66,0,0,46.0
1713004424.68,0,0,48.0
1713004426.68,0,0,52.0
1713004428.69,0,0,53.0
1713004430.66,0,0,53.0
1713004432.68,0,0,55.0
1713004434.68,0,0,55.0
1713004436.68,0,0,54.5
1713004438.7,0,0,56.5
1713004440.66,0,0,56.5
1713004442.68,0,0,51.0
1713004444.68,0,0,52.0
1713004446.68,0,0,59.5
1713004448.67,0,0,59.5
1713004450.68,0,0,49.5
1713004452.68,0,0,55.5
1713004454.68,0,0,56.5
1713004456.68,0,0,65.5
1713004458.67,0,0,65.5
1713004460.68,0,0,59.5
1713004462.69,0,0,58.0
1713004464.68,0,0,54.5
1713004466.68,0,0,47.0
1713004468.68,0,0,47.0
1713004470.68,0,0,55.5
1713004472.68,0,0,54.5
1713004474.68,0,0,62.0
1713004476.66,0,0,62.0
1713004478.7,0,0,50.0
1713004480.69,0,0,53.0
1713004482.68,0,0,52.5
1713004484.68,0,0,49.5
1713004486.66,0,0,49.5
1713004488.69,0,0,55.5
1713004490.68,0,0,47.0
1713004492.68,0,0,63.0
1713004494.67,0,0,63.0
1713004496.69,0,0,60.0
1713004498.69,0,0,60.0
1713004500.69,0,0,67.0
1713004502.68,0,0,55.0
1713004504.67,0,0,55.0
1713004506.68,0,0,57.5
1713004508.7,0,0,58.5
1713004510.69,0,0,57.0
1713004512.68,0,0,54.0
1713004514.67,0,0,54.0
1713004516.68,0,0,54.0
1713004518.7,0,0,59.0
1713004520.68,0,0,50.0
1713004522.66,0,0,50.0
1713004524.68,0,0,59.5
1713004526.68,0,0,54.5
1713004528.7,0,0,70.0
1713004530.68,0,0,60.0
1713004532.66,0,0,60.0
1713004534.68,0,0,48.0
1713004536.68,0,0,55.5
1713004538.69,0,0,51.0
1713004540.68,0,0,53.0
1713004542.67,0,0,53.0
1713004544.68,0,0,55.0
1713004546.68,0,0,56.0
1713004548.7,0,0,63.0
1713004550.66,0,0,63.0
1713004552.7,0,0,61.5
1713004554.68,0,0,56.0
1713004556.68,0,0,51.5
1713004558.68,0,0,62.5
1713004560.66,0,0,62.5
1713004562.69,0,0,50.5
1713004564.68,0,0,57.5
1713004566.68,0,0,51.5
1713004568.68,0,0,59.5
1713004570.66,0,0,59.5
1713004572.7,0,0,50.0
1713004574.68,0,0,52.5
1713004576.68,0,0,58.5
1713004578.66,0,0,58.5
1713004580.68,0,0,54.5
1713004582.69,0,0,56.0
1713004584.68,0,0,62.0
1713004586.68,0,0,53.5
1713004588.66,0,0,53.5
1713004590.68,0,0,57.0
1713004592.69,0,0,67.0
1713004594.68,0,0,53.0
1713004596.67,0,0,53.0
1713004598.7,0,0,51.0
1713004600.68,0,0,56.0
1713004602.69,0,0,58.5
1713004604.68,0,0,61.0
1713004606.66,0,0,61.0
1713004608.68,0,0,58.5
1713004610.68,0,0,40.5
1713004612.69,0,0,50.5
1713004614.69,0,0,60.5
1713004616.68,0,0,60.5
1713004618.69,0,0,52.5
1713004620.69,0,0,54.5
1713004622.69,0,0,61.0
1713004624.66,0,0,61.0
1713004626.68,0,0,63.0
1713004628.68,0,0,58.0
1713004630.68,0,0,60.5
1713004632.69,0,0,57.0
1713004634.67,0,0,57.0
1713004636.68,0,0,58.0
1713004638.69,0,0,51.5
1713004640.68,0,0,54.0
1713004642.68,0,0,62.5
1713004644.66,0,0,62.5
1713004646.68,0,0,49.5
1713004648.68,0,0,63.5
1713004650.68,0,0,60.5
1713004652.69,0,0,60.5
1713004654.68,0,0,55.0
1713004656.68,0,0,54.5
1713004658.68,0,0,42.0
1713004660.68,0,0,61.5
1713004662.66,0,0,61.5
1713004664.68,0,0,53.5
1713004666.68,0,0,48.5
1713004668.68,0,0,51.5
1713004670.67,0,0,51.5
1713004672.68,0,0,61.5
1713004674.68,0,0,54.0
1713004676.69,0,0,48.5
1713004678.68,0,0,61.5
1713004680.67,0,0,61.5
1713004682.69,0,0,65.0
1713004684.69,0,0,63.0
1713004686.68,0,0,57.5
1713004688.68,0,0,53.0
1713004690.66,0,0,53.0
1713004692.68,0,0,59.0
1713004694.68,0,0,52.0
1713004696.68,0,0,55.5
1713004698.66,0,0,55.5
1713004700.68,0,0,47.5
1713004702.68,0,0,59.0
1713004704.68,0,0,57.5
1713004706.68,0,0,58.0
1713004708.66,0,0,58.0
1713004710.68,0,0,56.5
1713004712.68,0,0,65.5
1713004714.69,0,0,52.0
1713004716.68,0,0,57.5
1713004718.66,0,0,57.5
1713004720.69,0,0,59.0
1713004722.68,0,0,60.5
1713004724.7,0,0,52.5
1713004726.66,0,0,52.5
1713004728.69,0,0,61.0
1713004730.68,0,0,55.0
1713004732.69,0,0,58.5
1713004734.69,0,0,50.5
1713004736.66,0,0,50.5
1713004738.69,0,0,54.0
1713004740.69,0,0,47.5
1713004742.68,0,0,53.0
1713004744.67,0,0,53.0
1713004746.68,0,0,51.0
1713004748.68,0,0,48.5
1713004750.68,0,0,54.5
1713004752.68,0,0,49.0
1713004754.68,0,0,49.0
1713004756.68,0,0,53.5
1713004758.68,0,0,52.0
1713004760.69,0,0,56.0
1713004762.68,0,0,47.0
1713004764.69,0,0,47.0
1713004766.68,0,0,58.5
1713004768.7,0,0,51.5
1713004770.68,0,0,56.0
1713004772.66,0,0,56.0
1713004774.68,0,0,60.0
1713004776.68,0,0,62.5
1713004778.68,0,0,52.0
1713004780.68,0,0,56.5
1713004782.68,0,0,56.5
1713004784.68,0,0,68.0
1713004786.68,0,0,47.0
1713004788.7,0,0,59.5
1713004790.68,0,0,59.0
1713004792.66,0,0,59.0
1713004794.69,0,0,52.0
1713004796.69,0,0,51.5
1713004798.68,0,0,52.5
1713004800.66,0,0,52.5
1713004802.69,0,0,58.5
1713004804.7,0,0,67.5
1713004806.69,0,0,56.5
1713004808.69,0,0,52.5
1713004810.67,0,0,52.5
1713004812.69,0,0,57.0
1713004814.69,0,0,52.5
1713004816.69,0,0,51.5
1713004818.69,0,0,59.0
1713004820.66,0,0,59.0
1713004822.68,0,0,45.0
1713004824.69,0,0,54.0
1713004826.68,0,0,54.0
1713004828.66,0,0,54.0
1713004830.68,0,0,63.5
1713004832.68,0,0,56.5
1713004834.69,0,0,58.0
1713004836.68,0,0,57.0
1713004838.66,0,0,57.0
1713004840.68,0,0,66.0
1713004842.68,0,0,53.0
1713004844.7,0,0,51.5
1713004846.66,0,0,51.5
1713004848.68,0,0,65.0
1713004850.68,0,0,55.0
1713004852.68,0,0,63.5
1713004854.7,0,0,59.0
1713004856.67,0,0,59.0
1713004858.68,0,0,53.0
1713004860.68,0,0,62.0
1713004862.68,0,0,59.0
1713004864.69,0,0,60.5
1713004866.66,0,0,60.5
1713004868.68,0,0,51.0
1713004870.69,0,0,56.0
1713004872.68,0,0,46.5
1713004874.66,0,0,46.5
1713004876.68,0,0,56.0
1713004878.69,0,0,45.0
1713004880.68,0,0,53.0
1713004882.68,0,0,56.0
1713004884.69,0,0,56.0
1713004886.68,0,0,60.5
1713004888.68,0,0,61.5
1713004890.68,0,0,51.0
1713004892.67,0,0,51.0
1713004894.69,0,0,53.0
1713004896.68,0,0,65.0
1713004898.68,0,0,55.0
1713004900.68,0,0,57.0
1713004902.67,0,0,57.0
1713004904.68,0,0,62.0
1713004906.68,0,0,58.5
1713004908.68,0,0,55.0
1713004910.68,0,0,46.0
1713004912.68,0,0,46.0
1713004914.68,0,0,65.0
1713004916.68,0,0,61.5
1713004918.68,0,0,55.5
1713004920.68,0,0,55.5
1713004922.68,0,0,50.5
1713004924.7,0,0,53.5
1713004926.68,0,0,56.5
1713004928.69,0,0,47.5
1713004930.66,0,0,47.5
1713004932.69,0,0,60.5
1713004934.69,0,0,59.5
1713004936.69,0,0,63.5
1713004938.69,0,0,53.0
1713004940.66,0,0,53.0
1713004942.68,0,0,63.0
1713004944.7,0,0,53.0
1713004946.68,0,0,54.5
1713004948.67,0,0,54.5
1713004950.68,0,0,55.0
1713004952.68,0,0,47.5
1713004954.7,0,0,57.5
1713004956.68,0,0,66.0
1713004958.66,0,0,66.0
1713004960.68,0,0,55.5
1713004962.68,0,0,59.5
1713004964.69,0,0,53.0
1713004966.68,0,0,59.5
1713004968.67,0,0,59.5
1713004970.69,0,0,60.5
1713004972.68,0,0,63.5
1713004974.69,0,0,63.5
1713004976.67,0,0,63.5
1713004978.68,0,0,57.0
1713004980.68,0,0,64.0
1713004982.68,0,0,60.5
1713004984.69,0,0,52.5
1713004986.66,0,0,52.5
1713004988.68,0,0,57.0
1713004990.68,0,0,54.0
1713004992.68,0,0,55.0
1713004994.66,0,0,55.0
1713004996.68,0,0,52.0
1713004998.69,0,0,56.0
1713005000.68,0,0,57.0
1713005002.68,0,0,50.5
1713005004.67,0,0,50.5
1713005006.68,0,0,52.5
1713005008.7,0,0,51.5
1713005010.68,0,0,46.0
1713005012.68,0,0,53.0
1713005014.68,0,0,53.0
1713005016.68,0,0,47.5
1713005018.69,0,0,59.0
1713005020.68,0,0,52.5
1713005022.66,0,0,52.5
1713005024.68,0,0,56.0
1713005026.68,0,0,51.0
1713005028.68,0,0,66.0
1713005030.68,0,0,55.5
1713005032.66,0,0,55.5
1713005034.68,0,0,59.0
1713005036.68,0,0,50.0
1713005038.68,0,0,59.5
1713005040.66,0,0,59.5
1713005042.68,0,0,50.5
1713005044.69,0,0,56.0
1713005046.68,0,0,55.0
1713005048.68,0,0,55.0
1713005050.66,0,0,55.0
1713005052.68,0,0,54.5
1713005054.69,0,0,52.0
1713005056.68,0,0,47.5
1713005058.69,0,0,49.5
1713005060.67,0,0,49.5
1713005062.68,0,0,52.5
1713005064.69,0,0,62.5
1713005066.68,0,0,49.5
1713005068.66,0,0,49.5
1713005070.68,0,0,63.5
1713005072.68,0,0,59.5
1713005074.69,0,0,47.5
1713005076.68,0,0,57.5
1713005078.66,0,0,57.5
1713005080.68,0,0,44.5
1713005082.68,0,0,52.5
1713005084.7,0,0,64.5
1713005086.69,0,0,53.0
1713005088.66,0,0,53.0
1713005090.7,0,0,70.0
1713005092.69,0,0,62.0
1713005094.7,0,0,54.0
1713005096.67,0,0,54.0
1713005098.68,0,0,56.0
1713005100.68,0,0,66.0
1713005102.68,0,0,50.5
1713005104.7,0,0,53.5
1713005106.66,0,0,53.5
1713005108.68,0,0,51.0
1713005110.68,0,0,60.0
1713005112.68,0,0,60.0
1713005114.68,0,0,60.0
1713005116.68,0,0,51.5
1713005118.69,0,0,57.5
1713005120.68,0,0,53.5
1713005122.68,0,0,59.0
1713005124.68,0,0,59.0
1713005126.68,0,0,52.5
1713005128.68,0,0,52.5
1713005130.68,0,0,59.5
1713005132.68,0,0,56.5
1713005134.68,0,0,56.5
1713005136.68,0,0,53.5
1713005138.69,0,0,57.5
1713005140.68,0,0,56.5
1713005142.66,0,0,56.5
1713005144.69,0,0,61.5
1713005146.68,0,0,59.5
1713005148.69,0,0,53.5
1713005150.68,0,0,63.0
1713005152.66,0,0,63.0
1713005154.68,0,0,58.5
1713005156.69,0,0,55.0
1713005158.69,0,0,50.5
1713005160.68,0,0,57.5
1713005162.69,0,0,57.5
1713005164.68,0,0,58.5
1713005166.68,0,0,56.5
1713005168.68,0,0,53.5
1713005170.66,0,0,53.5
1713005172.68,0,0,68.0
1713005174.69,0,0,54.0
1713005176.68,0,0,58.0
1713005178.69,0,0,49.0
1713005180.67,0,0,49.0
1713005182.68,0,0,60.5
1713005184.7,0,0,55.5
1713005186.68,0,0,55.5
1713005188.66,0,0,55.5
1713005190.68,0,0,54.0
1713005192.68,0,0,54.0
1713005194.69,0,0,53.5
1713005196.68,0,0,58.5
1713005198.68,0,0,58.5
1713005200.69,0,0,52.5
1713005202.68,0,0,58.5
1713005204.69,0,0,53.5
1713005206.68,0,0,52.0
1713005208.67,0,0,52.0
1713005210.68,0,0,61.0
1713005212.69,0,0,58.0
1713005214.69,0,0,57.5
1713005216.66,0,0,57.5
1713005218.68,0,0,56.0
1713005220.69,0,0,52.5
1713005222.68,0,0,59.0
1713005224.7,0,0,56.0
1713005226.66,0,0,56.0
1713005228.68,0,0,58.5
1713005230.68,0,0,65.0
1713005232.69,0,0,52.5
1713005234.69,0,0,54.0
1713005236.66,0,0,54.0
1713005238.69,0,0,53.0
1713005240.68,0,0,59.0
1713005242.68,0,0,57.0
1713005244.68,0,0,57.0
1713005246.68,0,0,52.0
1713005248.7,0,0,58.0
1713005250.68,0,0,49.5
1713005252.68,0,0,52.5
1713005254.67,0,0,52.5
1713005256.68,0,0,63.0
1713005258.68,0,0,59.5
1713005260.68,0,0,55.0
1713005262.68,0,0,70.0
1713005264.67,0,0,70.0
1713005266.68,0,0,54.5
1713005268.69,0,0,59.5
1713005270.68,0,0,52.5
1713005272.66,0,0,52.5
1713005274.69,0,0,59.0
1713005276.68,0,0,55.0
1713005278.68,0,0,53.0
1713005280.68,0,0,54.0
1713005282.66,0,0,54.0
1713005284.68,0,0,58.0
1713005286.69,0,0,52.5
1713005288.68,0,0,50.0
1713005290.66,0,0,50.0
1713005292.68,0,0,58.0
1713005294.69,0,0,53.5
1713005296.68,0,0,48.5
1713005298.68,0,0,53.0
1713005300.66,0,0,53.0
1713005302.68,0,0,47.5
1713005304.7,0,0,59.5
1713005306.68,0,0,60.0
1713005308.68,0,0,59.5
1713005310.67,0,0,59.5
1713005312.68,0,0,60.0
1713005314.69,0,0,68.0
1713005316.68,0,0,52.0
1713005318.66,0,0,52.0
1713005320.68,0,0,52.0
1713005322.69,0,0,57.5
1713005324.69,0,0,56.5
1713005326.68,0,0,47.5
1713005328.66,0,0,47.5
1713005330.68,0,0,63.0
1713005332.68,0,0,53.5
1713005334.69,0,0,66.5
1713005336.68,0,0,59.0
1713005338.66,0,0,59.0
1713005340.68,0,0,55.5
1713005342.68,0,0,46.5
1713005344.69,0,0,60.0
1713005346.66,0,0,60.0
1713005348.69,0,0,68.5
1713005350.69,0,0,64.5
1713005352.68,0,0,53.0
1713005354.69,0,0,54.5
1713005356.66,0,0,54.5
1713005358.68,0,0,68.5
1713005360.69,0,0,56.5
1713005362.68,0,0,54.5
1713005364.67,0,0,54.5
1713005366.68,0,0,53.0
1713005368.68,0,0,57.5
1713005370.68,0,0,52.0
1713005372.68,0,0,60.0
1713005374.68,0,0,60.0
1713005376.68,0,0,60.0
1713005378.68,0,0,45.5
1713005380.68,0,0,52.5
1713005382.68,0,0,52.0
1713005384.68,0,0,52.0
1713005386.69,0,0,46.5
1713005388.68,0,0,56.0
1713005390.68,0,0,60.0
1713005392.67,0,0,60.0
1713005394.68,0,0,70.5
1713005396.68,0,0,66.5
1713005398.68,0,0,51.5
1713005400.68,0,0,48.0
1713005402.66,0,0,48.0
1713005404.68,0,0,60.0
1713005406.68,0,0,53.5
1713005408.68,0,0,57.5
1713005410.68,0,0,52.5
1713005412.66,0,0,52.5
1713005414.69,0,0,59.0
1713005416.68,0,0,63.0
1713005418.68,0,0,57.5
1713005420.66,0,0,57.5
1713005422.68,0,0,60.5
1713005424.7,0,0,51.0
1713005426.68,0,0,58.0
1713005428.69,0,0,61.5
1713005430.66,0,0,61.5
1713005432.68,0,0,61.5
1713005434.7,0,0,60.5
1713005436.68,0,0,58.5
1713005438.66,0,0,58.5
1713005440.68,0,0,52.5
1713005442.68,0,0,56.5
1713005444.69,0,0,56.0
1713005446.69,0,0,57.5
1713005448.66,0,0,57.5
1713005450.68,0,0,54.5
1713005452.68,0,0,56.5
1713005454.69,0,0,45.5
1713005456.68,0,0,60.0
1713005458.68,0,0,60.0
1713005460.68,0,0,54.0
1713005462.68,0,0,65.5
1713005464.7,0,0,58.0
1713005466.66,0,0,58.0
1713005468.69,0,0,62.5
1713005470.69,0,0,54.0
1713005472.68,0,0,63.0
1713005474.69,0,0,58.5
1713005476.67,0,0,58.5
1713005478.68,0,0,62.0
1713005480.68,0,0,52.5
1713005482.68,0,0,59.0
1713005484.69,0,0,59.5
1713005486.66,0,0,59.5
1713005488.69,0,0,55.5
1713005490.68,0,0,45.5
1713005492.68,0,0,56.0
1713005494.68,0,0,56.0
1713005496.68,0,0,56.0
1713005498.68,0,0,63.0
1713005500.68,0,0,60.5
1713005502.68,0,0,60.5
1713005504.69,0,0,60.5
1713005506.68,0,0,66.0
1713005508.68,0,0,66.0
1713005510.68,0,0,52.0
1713005512.69,0,0,51.5
1713005514.67,0,0,51.5
1713005516.68,0,0,55.5
1713005518.69,0,0,58.5
1713005520.68,0,0,66.5
1713005522.66,0,0,66.5
1713005524.69,0,0,58.0
1713005526.68,0,0,59.0
1713005528.69,0,0,59.0
1713005530.69,0,0,54.0
1713005532.66,0,0,54.0
1713005534.68,0,0,68.5
1713005536.68,0,0,52.0
1713005538.68,0,0,60.5
1713005540.66,0,0,60.5
1713005542.68,0,0,54.0
1713005544.7,0,0,65.5
1713005546.69,0,0,64.5
1713005548.68,0,0,52.0
1713005550.67,0,0,52.0
1713005552.68,0,0,59.5
1713005554.69,0,0,49.5
1713005556.68,0,0,47.0
1713005558.68,0,0,54.5
1713005560.66,0,0,54.5
1713005562.69,0,0,47.0
1713005564.69,0,0,60.0
1713005566.68,0,0,54.5
1713005568.66,0,0,54.5
1713005570.68,0,0,57.5
1713005572.68,0,0,59.0
1713005574.69,0,0,60.0
1713005576.69,0,0,51.0
1713005578.66,0,0,51.0
1713005580.68,0,0,54.0
1713005582.69,0,0,62.5
1713005584.69,0,0,66.0
1713005586.68,0,0,55.5
1713005588.66,0,0,55.5
1713005590.68,0,0,52.5
1713005592.69,0,0,53.5
1713005594.7,0,0,57.5
1713005596.66,0,0,57.5
1713005598.68,0,0,58.0
1713005600.69,0,0,56.5
1713005602.68,0,0,55.5
1713005604.7,0,0,59.0
1713005606.67,0,0,59.0
1713005608.68,0,0,67.0
1713005610.68,0,0,55.0
1713005612.68,0,0,63.5
1713005614.7,0,0,58.0
1713005616.68,0,0,58.0
1713005618.69,0,0,59.0
1713005620.68,0,0,61.0
1713005622.68,0,0,53.5
1713005624.68,0,0,53.5
1713005626.68,0,0,56.5
1713005628.68,0,0,58.5
1713005630.68,0,0,48.0
1713005632.68,0,0,66.0
1713005634.67,0,0,66.0
1713005636.68,0,0,46.5
1713005638.69,0,0,54.5
1713005640.68,0,0,55.5
1713005642.66,0,0,55.5
1713005644.68,0,0,54.0
1713005646.68,0,0,53.0
1713005648.68,0,0,60.5
1713005650.68,0,0,51.0
1713005652.67,0,0,51.0
1713005654.68,0,0,65.0
1713005656.68,0,0,53.0
1713005658.68,0,0,57.5
1713005660.69,0,0,48.0
1713005662.66,0,0,48.0
1713005664.68,0,0,52.5
1713005666.69,0,0,56.0
1713005668.69,0,0,60.0
1713005670.66,0,0,60.0
1713005672.68,0,0,63.0
1713005674.7,0,0,56.0
1713005676.68,0,0,54.5
1713005678.69,0,0,56.0
1713005680.66,0,0,56.0
1713005682.68,0,0,54.5
1713005684.69,0,0,62.5
1713005686.68,0,0,56.0
1713005688.69,0,0,58.0
1713005690.67,0,0,58.0
1713005692.68,0,0,63.5
1713005694.71,0,0,58.5
1713005696.69,0,0,54.5
1713005698.66,0,0,54.5
1713005700.69,0,0,64.5
1713005702.69,0,0,56.0
1713005704.69,0,0,74.5
1713005706.68,0,0,51.5
1713005708.66,0,0,51.5
1713005710.69,0,0,55.0
1713005712.68,0,0,60.0
1713005714.7,0,0,55.5
1713005716.69,0,0,44.0
1713005718.67,0,0,44.0
1713005720.68,0,0,56.5
1713005722.69,0,0,46.5
1713005724.69,0,0,55.0
1713005726.66,0,0,55.0
1713005728.68,0,0,61.0
1713005730.69,0,0,60.5
1713005732.68,0,0,60.5
1713005734.7,0,0,63.0
1713005736.67,0,0,63.0
1713005738.69,0,0,63.5
1713005740.68,0,0,53.0
1713005742.68,0,0,56.5
1713005744.68,0,0,56.5
1713005746.68,0,0,63.0
1713005748.68,0,0,64.0
1713005750.68,0,0,59.0
1713005752.68,0,0,55.0
1713005754.7,0,0,55.0
1713005756.68,0,0,54.0
1713005758.68,0,0,54.5
1713005760.68,0,0,55.0
1713005762.68,0,0,68.5
1713005764.67,0,0,68.5
1713005766.69,0,0,46.5
1713005768.68,0,0,59.5
1713005770.68,0,0,51.0
1713005772.66,0,0,51.0
1713005774.68,0,0,65.5
1713005776.68,0,0,56.0
1713005778.68,0,0,53.5
1713005780.68,0,0,57.5
1713005782.66,0,0,57.5
1713005784.68,0,0,60.5
1713005786.68,0,0,53.5
1713005788.68,0,0,64.0
1713005790.68,0,0,64.0
1713005792.66,0,0,64.0
1713005794.68,0,0,46.5
1713005796.68,0,0,50.0
1713005798.68,0,0,55.5
1713005800.66,0,0,55.5
1713005802.68,0,0,51.0
1713005804.7,0,0,66.5
1713005806.68,0,0,56.0
1713005808.68,0,0,62.5
1713005810.66,0,0,62.5
1713005812.68,0,0,50.5
1713005814.7,0,0,47.0
1713005816.68,0,0,45.5
1713005818.68,0,0,61.5
1713005820.66,0,0,61.5
1713005822.68,0,0,54.0
1713005824.7,0,0,67.0
1713005826.68,0,0,48.0
1713005828.68,0,0,48.0
1713005830.68,0,0,55.5
1713005832.68,0,0,56.5
1713005834.7,0,0,48.5
1713005836.68,0,0,47.5
1713005838.66,0,0,47.5
1713005840.68,0,0,58.5
1713005842.69,0,0,50.5
1713005844.69,0,0,58.5
1713005846.66,0,0,58.5
1713005848.69,0,0,51.0
1713005850.68,0,0,60.0
1713005852.68,0,0,53.0
1713005854.69,0,0,54.5
1713005856.66,0,0,54.5
1713005858.69,0,0,58.5
1713005860.68,0,0,59.0
1713005862.68,0,0,63.5
1713005864.69,0,0,49.0
1713005866.66,0,0,49.0
1713005868.69,0,0,58.5
1713005870.68,0,0,52.0
1713005872.68,0,0,62.5
1713005874.68,0,0,62.5
1713005876.68,0,0,69.5
1713005878.68,0,0,43.5
1713005880.68,0,0,64.0
1713005882.68,0,0,61.0
1713005884.68,0,0,61.0
1713005886.68,0,0,62.0
1713005888.69,0,0,49.5
1713005890.69,0,0,60.5
1713005892.72,0,0,51.5
1713005894.68,0,0,51.5
1713005896.68,0,0,59.5
1713005898.73,0,0,63.5
1713005900.68,0,0,59.5
1713005902.68,0,0,55.5
1713005904.68,0,0,55.5
1713005906.68,0,0,54.0
1713005908.69,0,0,60.0
1713005910.68,0,0,48.0
1713005912.66,0,0,48.0
1713005914.68,0,0,50.0
1713005916.69,0,0,57.5
1713005918.68,0,0,66.0
1713005920.68,0,0,53.0
1713005922.66,0,0,53.0
1713005924.68,0,0,64.5
1713005926.68,0,0,51.5
1713005928.68,0,0,48.0
1713005930.69,0,0,53.0
1713005932.66,0,0,53.0
1713005934.69,0,0,54.0
1713005936.68,0,0,49.0
1713005938.68,0,0,61.5
1713005940.66,0,0,61.5
1713005942.68,0,0,44.5
1713005944.69,0,0,62.5
1713005946.68,0,0,43.0
1713005948.68,0,0,66.0
1713005950.66,0,0,66.0
1713005952.68,0,0,59.5
1713005954.69,0,0,58.0
1713005956.68,0,0,56.0
1713005958.68,0,0,50.5
1713005960.66,0,0,50.5
1713005962.68,0,0,63.5
1713005964.7,0,0,59.0
1713005966.68,0,0,54.0
1713005968.66,0,0,54.0
1713005970.68,0,0,63.0
1713005972.68,0,0,52.5
1713005974.69,0,0,62.0
1713005976.68,0,0,54.5
1713005978.66,0,0,54.5
1713005980.68,0,0,52.5
1713005982.68,0,0,58.5
1713005984.7,0,0,59.5
1713005986.66,0,0,59.5
1713005988.68,0,0,59.5
1713005990.68,0,0,60.0
1713005992.68,0,0,61.5
1713005994.69,0,0,52.5
1713005996.67,0,0,52.5
1713005998.68,0,0,62.0
1713006000.68,0,0,49.0
1713006002.68,0,0,54.0
1713006004.69,0,0,57.0
1713006006.68,0,0,57.0
1713006008.68,0,0,54.5
1713006010.68,0,0,55.5
1713006012.68,0,0,52.5
1713006014.66,0,0,52.5
1713006016.68,0,0,54.5
1713006018.68,0,0,57.5
1713006020.68,0,0,60.5
1713006022.68,0,0,58.5
1713006024.66,0,0,58.5
1713006026.68,0,0,69.0
1713006028.68,0,0,54.5
1713006030.68,0,0,51.0
1713006032.68,0,0,56.5
1713006034.68,0,0,56.5
1713006036.68,0,0,62.5
1713006038.69,0,0,44.5
1713006040.68,0,0,51.5
1713006042.66,0,0,51.5
1713006044.68,0,0,55.5
1713006046.68,0,0,49.5
1713006048.68,0,0,57.5
1713006050.68,0,0,58.0
1713006052.67,0,0,58.0
1713006054.68,0,0,61.5
1713006056.68,0,0,51.5
1713006058.68,0,0,53.5
1713006060.68,0,0,66.0
1713006062.67,0,0,66.0
1713006064.68,0,0,60.0
1713006066.68,0,0,57.0
1713006068.68,0,0,52.5
1713006070.66,0,0,52.5
1713006072.68,0,0,55.5
1713006074.7,0,0,57.5
1713006076.68,0,0,56.0
1713006078.68,0,0,56.0
1713006080.66,0,0,56.0
1713006082.68,0,0,55.5
1713006084.7,0,0,62.5
1713006086.69,0,0,60.5
1713006088.66,0,0,60.5
1713006090.68,0,0,56.0
1713006092.68,0,0,59.0
1713006094.7,0,0,60.5
1713006096.68,0,0,54.5
1713006098.68,0,0,54.5
1713006100.68,0,0,55.5
1713006102.68,0,0,56.0
1713006104.69,0,0,70.0
1713006106.68,0,0,62.0
1713006108.66,0,0,62.0
1713006110.69,0,0,58.5
1713006112.69,0,0,58.5
1713006114.7,0,0,67.5
1713006116.67,0,0,67.5
1713006118.69,0,0,63.5
1713006120.69,0,0,58.5
1713006122.68,0,0,62.0
1713006124.69,0,0,55.5
1713006126.66,0,0,55.5
1713006128.68,0,0,55.5
1713006130.69,0,0,60.5
1713006132.68,0,0,64.5
1713006134.69,0,0,57.5
1713006136.67,0,0,57.5
1713006138.68,0,0,54.5
1713006140.68,0,0,56.0
1713006142.68,0,0,60.5
1713006144.68,0,0,60.5
1713006146.69,0,0,49.5
1713006148.68,0,0,53.0
1713006150.68,0,0,52.0
1713006152.68,0,0,63.5
1713006154.7,0,0,63.5
1713006156.69,0,0,62.5
1713006158.68,0,0,57.0
1713006160.68,0,0,56.0
1713006162.68,0,0,59.5
1713006164.66,0,0,59.5
1713006166.68,0,0,54.0
1713006168.68,0,0,63.0
1713006170.68,0,0,54.5
1713006172.66,0,0,54.5
1713006174.68,0,0,59.0
1713006176.69,0,0,52.0
1713006178.68,0,0,59.5
1713006180.68,0,0,63.5
1713006182.66,0,0,63.5
1713006184.68,0,0,57.5
1713006186.68,0,0,58.5
1713006188.68,0,0,44.5
1713006190.69,0,0,58.5
1713006192.66,0,0,58.5
1713006194.69,0,0,58.0
1713006196.68,0,0,52.5
1713006198.68,0,0,55.0
1713006200.68,0,0,55.0
1713006202.68,0,0,64.0
1713006204.69,0,0,61.5
1713006206.68,0,0,54.5
1713006208.68,0,0,61.5
1713006210.66,0,0,61.5
1713006212.68,0,0,60.5
1713006214.7,0,0,54.0
1713006216.68,0,0,54.0
1713006218.69,0,0,64.5
1713006220.66,0,0,64.5
1713006222.68,0,0,49.0
1713006224.7,0,0,55.5
1713006226.68,0,0,60.0
1713006228.66,0,0,60.0
1713006230.69,0,0,60.5
1713006232.68,0,0,55.5
1713006234.7,0,0,60.0
1713006236.68,0,0,53.5
1713006238.66,0,0,53.5
1713006240.69,0,0,70.0
1713006242.69,0,0,56.0
1713006244.69,0,0,63.5
1713006246.66,0,0,63.5
1713006248.7,0,0,50.0
1713006250.68,0,0,54.0
1713006252.68,0,0,49.5
1713006254.69,0,0,56.0
1713006256.66,0,0,56.0
1713006258.7,0,0,56.0
1713006260.68,0,0,51.0
1713006262.68,0,0,50.0
1713006264.68,0,0,65.5
1713006266.66,0,0,65.5
1713006268.7,0,0,39.5
1713006270.68,0,0,60.5
1713006272.68,0,0,58.0
1713006274.66,0,0,58.0
1713006276.68,0,0,50.5
1713006278.69,0,0,61.5
1713006280.68,0,0,60.5
1713006282.68,0,0,54.5
1713006284.66,0,0,54.5
1713006286.69,0,0,47.5
1713006288.69,0,0,49.5
1713006290.69,0,0,62.5
1713006292.66,0,0,62.5
1713006294.68,0,0,48.5
1713006296.68,0,0,46.5
1713006298.7,0,0,50.0
1713006300.69,0,0,56.0
1713006302.68,0,0,56.0
1713006304.68,0,0,59.5
1713006306.69,0,0,64.0
1713006308.69,0,0,56.0
1713006310.68,0,0,55.0
1713006312.66,0,0,55.0
1713006314.68,0,0,50.5
1713006316.69,0,0,58.5
1713006318.69,0,0,55.5
1713006320.66,0,0,55.5
1713006322.68,0,0,56.0
1713006324.68,0,0,46.0
1713006326.68,0,0,56.0
1713006328.69,0,0,61.0
1713006330.66,0,0,61.0
1713006332.68,0,0,55.5
1713006334.68,0,0,54.0
1713006336.68,0,0,49.5
1713006338.69,0,0,49.0
1713006340.66,0,0,49.0
1713006342.68,0,0,57.0
1713006344.68,0,0,55.0
1713006346.68,0,0,57.5
1713006348.67,0,0,57.5
1713006350.68,0,0,62.5
1713006352.69,0,0,60.5
1713006354.68,0,0,56.0
1713006356.68,0,0,59.0
1713006358.66,0,0,59.0
1713006360.69,0,0,52.5
1713006362.7,0,0,53.0
1713006364.69,0,0,57.5
1713006366.69,0,0,62.5
1713006368.66,0,0,62.5
1713006370.68,0,0,47.5
1713006372.69,0,0,52.5
1713006374.68,0,0,46.0
1713006376.66,0,0,46.0
1713006378.69,0,0,50.0
1713006380.68,0,0,53.5
1713006382.7,0,0,55.0
1713006384.68,0,0,53.0
1713006386.66,0,0,53.0
1713006388.7,0,0,58.0
1713006390.69,0,0,53.0
1713006392.7,0,0,55.5
1713006394.66,0,0,55.5
1713006396.7,0,0,51.0
1713006398.69,0,0,63.5
1713006400.68,0,0,56.5
1713006402.7,0,0,62.0
1713006404.68,0,0,62.0
1713006406.7,0,0,57.5
1713006408.68,0,0,53.0
1713006410.68,0,0,57.5
1713006412.68,0,0,61.0
1713006414.66,0,0,61.0
1713006416.7,0,0,58.0
1713006418.68,0,0,52.0
1713006420.69,0,0,62.5
1713006422.66,0,0,62.5
1713006424.68,0,0,56.0
1713006426.68,0,0,50.5
1713006428.69,0,0,57.5
1713006430.69,0,0,48.0
1713006432.66,0,0,48.0
1713006434.69,0,0,66.0
1713006436.68,0,0,51.0
1713006438.68,0,0,64.0
1713006440.68,0,0,59.5
1713006442.66,0,0,59.5
1713006444.69,0,0,51.5
1713006446.68,0,0,52.0
1713006448.68,0,0,56.5
1713006450.67,0,0,56.5
1713006452.68,0,0,57.0
1713006454.7,0,0,58.0
1713006456.68,0,0,57.0
1713006458.69,0,0,55.5
1713006460.66,0,0,55.5
1713006462.68,0,0,48.0
1713006464.68,0,0,59.5
1713006466.68,0,0,60.0
1713006468.66,0,0,60.0
1713006470.68,0,0,52.0
1713006472.7,0,0,55.5
1713006474.68,0,0,61.0
1713006476.68,0,0,62.5
1713006478.68,0,0,62.5
1713006480.68,0,0,53.5
1713006482.69,0,0,53.0
1713006484.68,0,0,48.0
1713006486.69,0,0,55.5
1713006488.67,0,0,55.5
1713006490.69,0,0,50.0
1713006492.69,0,0,51.0
1713006494.68,0,0,50.0
1713006496.67,0,0,50.0
1713006498.69,0,0,57.0
1713006500.68,0,0,59.0
1713006502.7,0,0,46.0
1713006504.69,0,0,55.0
1713006506.66,0,0,55.0
1713006508.69,0,0,54.5
1713006510.68,0,0,56.5
1713006512.7,0,0,57.5
1713006514.68,0,0,64.0
1713006516.66,0,0,64.0
1713006518.68,0,0,57.0
1713006520.68,0,0,54.5
1713006522.68,0,0,61.0
1713006524.66,0,0,61.0
1713006526.69,0,0,56.0
1713006528.68,0,0,64.5
1713006530.68,0,0,57.5
1713006532.69,0,0,57.5
1713006534.67,0,0,57.5
1713006536.69,0,0,52.5
1713006538.68,0,0,58.5
1713006540.68,0,0,55.0
1713006542.66,0,0,55.0
1713006544.68,0,0,49.0
1713006546.68,0,0,53.5
1713006548.68,0,0,46.5
1713006550.68,0,0,65.0
1713006552.66,0,0,65.0
1713006554.69,0,0,54.0
1713006556.69,0,0,55.5
1713006558.68,0,0,46.5
1713006560.68,0,0,58.0
1713006562.66,0,0,58.0
1713006564.68,0,0,60.5
