Time,Temperature,Gas,Relative_Humididty,Pressure,Altitude,PM1,PM2.5,PM10
1708128781.6566641,33.914765625,356969,100,698.5282797662979,3029.2371084377414,3,4,4
1708128782.6674893,26.5567578125,41200,37.80700018457066,1008.371439215899,40.696758379660004,3,4,4
1708128783.6782353,26.5817578125,54746,37.749602258076855,1008.3698286374865,40.71022005940737,3,4,4
1708128784.6889443,26.61046875,70891,37.66862103191804,1008.3813443653262,40.61396866143765,3,4,4
1708128785.699871,26.638203125,87236,37.57558785747766,1008.3771202088504,40.64927513805926,3,4,4
1708128786.7119253,26.666328125,102834,37.48264217919964,1008.3841376065644,40.59062217103257,3,4,4
1708128787.7241044,26.6909375,118172,37.395366960074,1008.3818773130163,40.609514169912444,3,4,4
1708128788.73618,26.7126171875,132769,37.319798539692265,1008.3766001251759,40.65362212595918,3,4,4
1708128789.748376,26.7321484375,145978,37.24404053632635,1008.3872632058268,40.564497825314035,3,4,4
1708128790.7604442,26.74953125,158749,37.18005057453245,1008.3838093487166,40.59336581558408,3,4,4
1708128791.7725291,26.7633984375,170627,37.1336523926685,1008.3799204613997,40.62586996633844,3,4,4
1708128792.7844458,26.7704296875,181062,37.11046773294786,1008.3860921068123,40.57428608316455,3,4,4
1708128793.7964377,26.7708203125,188685,37.08660523161047,1008.3902661649591,40.53939859058927,3,4,4
1708128794.8083587,26.7704296875,197796,37.08059012004034,1008.387860347876,40.55950680736367,3,4,4
1708128795.8202949,26.764375,206537,37.14570689830714,1008.38681907231,40.56820997267208,3,4,4
1708128796.8322403,26.764375,213035,37.17559662280125,1008.3832826236917,40.59776828989653,3,4,4
1708128797.844287,26.7626171875,220687,37.25913725260131,1008.3839499691111,40.59219048219595,3,4,4
1708128798.856285,26.763203125,225639,37.34296344003956,1008.3902110003285,40.53985966525355,3,4,4
1708128799.8683815,26.766328125,232599,37.44506201182398,1008.3953116575825,40.497227655575045,3,4,4
1708128800.8804054,26.7708203125,237596,37.601313019762515,1008.3884979226782,40.554177848012834,2,3,3
1708128801.892342,26.77609375,242103,37.751801698516225,1008.3935686782819,40.5117957017187,2,3,3
1708128802.9041328,26.7841015625,249007,37.848673886389186,1008.3995658487097,40.46167066220449,2,3,4
1708128803.9148705,26.792890625,253575,37.909645362693674,1008.3926915920088,40.51912650980094,3,4,5
1708128804.9255214,26.803828125,258312,37.958848881033234,1008.38755499354,40.56205901214566,3,4,5
1708128805.9362583,26.8161328125,262191,38.020234174592595,1008.3758072344294,40.6602493062846,3,5,5
1708128806.9470253,26.8266796875,266187,38.07544810777057,1008.3717998984898,40.69374369273414,3,5,5
1708128807.957974,26.828828125,272528,38.129802105902115,1008.3664642663834,40.73834050138575,3,5,5
1708128808.9700124,26.8253125,273877,38.07530485823406,1008.3642634010962,40.756736047239485,3,5,6
1708128809.9820042,26.824140625,276387,38.05113096098031,1008.3694243972085,40.71359881918613,3,5,6
1708128810.9939494,26.818671875,282746,38.080622375932094,1008.3764144501095,40.655174044495325,3,5,6
1708128812.0056114,26.802265625,287648,38.04282851665947,1008.3814681414822,40.612934113510775,2,5,5
1708128813.017696,26.782734375,291182,37.96265330715748,1008.3814198732903,40.61333754950423,2,5,5
1708128814.0297105,26.7473828125,293241,37.850851038689896,1008.3696935533162,40.711349132724926,2,5,5
1708128815.0418687,26.702265625,291951,37.72612782211141,1008.3685437101725,40.72095986565902,2,5,5
1708128816.0539389,26.664375,291951,37.60826446792905,1008.3703416548675,40.70593211000966,2,5,5
1708128817.0659456,26.6321484375,292724,37.45515784363583,1008.370772072875,40.70233455171475,1,4,4
1708128818.0780466,26.6028515625,291951,37.338412507768,1008.3636060386443,40.762230502111,1,4,4
1708128819.0901875,26.563984375,293501,37.214804499657916,1008.3408130577949,40.95274364059665,1,4,4
1708128820.1021879,26.5258984375,295067,37.14515641128418,1008.3157563726932,41.162181776864124,2,5,5
1708128821.114162,26.4841015625,296384,37.10503199536505,1008.279335396747,41.466616684491136,2,5,5
1708128822.1262202,26.443671875,299596,37.10089556185251,1008.2398414224725,41.79674817044821,2,5,5
1708128823.138177,26.40578125,299596,37.14480447488035,1008.208024877413,42.062711377686256,2,5,5
1708128824.1505907,26.37140625,301501,37.16518208565393,1008.1837125458173,42.26594939160483,2,5,5
1708128825.162667,26.34015625,303432,37.17393157860203,1008.1662666712476,42.41178996394211,2,5,5
1708128826.1747527,26.30109375,306515,37.16395957468919,1008.1431303615125,42.6052034628687,2,5,5
1708128827.1868782,26.2610546875,308510,37.13000078405518,1008.0971936530607,42.98923298474071,2,5,5
1708128828.1988945,26.2145703125,311698,37.10733747835143,1008.0477989307075,43.40218721003335,2,5,5
1708128829.2108972,26.1653515625,314654,37.08440313636234,1007.9992368848511,43.808195990512075,2,5,5
1708128830.222929,26.123359375,318887,37.06818220134498,1007.9589378975048,44.145132509062606,2,4,4
1708128831.235019,26.07765625,320737,37.07545888105092,1007.9231750386957,44.444151965048555,2,4,4
1708128832.2469802,26.034296875,321670,37.06507197107905,1007.8965334435463,44.66691253952869,2,4,4
1708128833.2589593,25.993671875,321982,37.07286756338313,1007.8690537079441,44.89668612222798,2,4,4
1708128834.2709908,25.9481640625,326096,37.080166207815346,1007.8424266552145,45.11933478106825,2,4,4
1708128835.282969,25.898359375,327383,37.110897271022175,1007.7946510066885,45.51883457191047,2,4,4
1708128836.2949848,25.8508984375,330975,37.14186994066588,1007.7612930216333,45.79778300731324,2,3,3
1708128837.306955,25.8020703125,335663,37.1786754870172,1007.7380560596101,45.992101146225885,2,3,3
1708128838.318786,25.7520703125,330975,37.19148613908975,1007.7358484319594,46.01056253034433,2,3,3
1708128839.3308678,25.694453125,331968,37.20352092236598,1007.7564943572042,45.83791134393217,2,3,3
1708128840.3429303,25.6391796875,334310,37.22176487662904,1007.7721245549546,45.707205995227156,2,3,3
1708128841.3549442,25.57375,336343,37.268825584892404,1007.772912748109,45.700614883382805,2,3,3
1708128842.3668303,25.5161328125,333973,37.32863520449024,1007.7864445803316,45.58745822106228,2,3,3
1708128843.378791,25.4708203125,337026,37.395690558304125,1007.7865344600498,45.58670662784972,2,3,3
1708128844.3908503,25.4235546875,338747,37.43866140973496,1007.7975400789599,45.49467572497983,2,3,3
1708128845.402934,25.3721875,339787,37.505129276035944,1007.7983035200451,45.48829172778796,2,3,3
1708128846.415273,25.326875,339787,37.5602770612174,1007.7983633293198,45.48779159473959,2,3,3
1708128847.4301107,25.2837109375,340485,37.609676830760485,1007.8107453889589,45.384251695945395,2,3,3
1708128848.442175,25.2376171875,339787,37.66476876498081,1007.8165655913527,45.335582994775336,2,3,3
1708128849.4542606,25.1770703125,349450,37.71838958573192,1007.819920002297,45.307533416580625,2,3,3
1708128850.4663196,25.10890625,357738,37.71737754684893,1007.8302071911244,45.22151243376715,2,3,3
1708128851.4782891,25.0317578125,369696,37.69151838131669,1007.8346020881254,45.1847627311944,2,3,3
1708128852.4899855,24.9503125,380330,37.65925378336632,1007.8389974450572,45.148009312509174,2,3,3
1708128853.502135,24.862421875,387543,37.63232744714032,1007.831060911461,45.21437369693747,2,3,3
1708128854.514288,24.7770703125,389784,37.635561076875,1007.8254810172709,45.261032386054566,2,3,3
1708128855.526069,24.67921875,396662,37.637522627526145,1007.8170533000865,45.331504770540334,2,3,3
1708128856.536932,24.580390625,396896,37.65134201762605,1007.8122747176172,45.37146338331849,2,3,3
1708128857.5489495,24.492109375,402102,37.654289208876655,1007.8141337413148,45.35591816762422,3,4,4
1708128858.5606868,24.406953125,402582,37.68145995568214,1007.8140225974962,45.35684755514291,3,4,4
1708128859.5724354,24.32609375,404515,37.70907111265027,1007.8121013387763,45.37291318392221,3,4,4
1708128860.5841255,24.251484375,407448,37.755251769969405,1007.804525713522,45.436261053825845,3,4,4
1708128861.5962272,24.181171875,404030,37.80785580381329,1007.8162854625377,45.33792543483466,3,4,4
1708128862.608357,24.11671875,408435,37.87900816731998,1007.8129562045287,45.36576476524491,3,4,4
1708128863.620715,24.0565625,408435,37.962586709462826,1007.8236840090141,45.27605888927993,4,5,6
1708128864.632724,23.9911328125,410174,38.10552522425337,1007.8204810314724,45.302842099019216,4,5,6
1708128865.6445792,23.93078125,408187,38.27306362624457,1007.8185297196519,45.319158948348765,4,5,6
1708128866.6558685,23.874140625,408930,38.44113500987603,1007.817356118966,45.32897259750917,4,6,6
1708128867.6678753,23.8153515625,407941,38.63316063944511,1007.8161716141761,45.338877436167444,4,6,6
1708128868.6799572,23.75890625,408682,38.83164491975601,1007.8223287134213,45.28739182518299,4,6,6
1708128869.6920674,23.6909375,413697,39.03516525296612,1007.8219223306118,45.290789986893046,5,6,7
1708128870.7041218,23.620234375,414714,39.190408157575966,1007.8187777820254,45.317084651919,5,6,7
1708128871.7164295,23.5403515625,414714,39.33878011721227,1007.8164139447621,45.33685106507729,5,6,7
1708128872.728439,23.46125,415737,39.48734163847709,1007.8223381044278,45.28731329786323,6,8,9
1708128873.7404177,23.3848828125,421190,39.58194295385026,1007.8274345939296,45.24469668941586,6,8,9
1708128874.7525148,23.3036328125,419357,39.68815194481687,1007.831540617151,45.21036244091668,6,8,9
1708128875.7645824,23.215546875,422775,39.763467131419105,1007.8349685016431,45.18169882275174,6,9,11
1708128876.776674,23.12765625,429781,39.83882445128575,1007.8316479738521,45.209464734005,6,9,11
1708128877.7888033,23.039765625,431430,39.91420338627792,1007.8247779513798,45.26691138922357,6,9,11
1708128878.8007886,22.94953125,429233,39.99540644911416,1007.828096509182,45.239161797629635,6,10,12
1708128879.8128164,22.8618359375,428415,40.10111600871043,1007.828509016567,45.235712439504866,6,10,12
1708128880.824792,22.7747265625,430329,40.188766796600774,1007.8228185028767,45.28329622090132,6,10,12
1708128881.8367956,22.6872265625,432260,40.28852500301343,1007.8182123958717,45.32181240894816,6,11,13
1708128882.8488379,22.6005078125,435049,40.41265845970901,1007.8166108665934,45.33520440279301,6,11,13
1708128883.8608317,22.512421875,435049,40.51851709904132,1007.8197608411605,45.308864320006926,6,11,13
1708128884.872777,22.4262890625,437874,40.6307019033533,1007.8278340841919,45.2413561777751,7,11,13
1708128885.8847995,22.3383984375,437874,40.74882815585026,1007.8259653993757,45.25698200812144,7,11,13
1708128886.8966222,22.2440625,439586,40.87848215992301,1007.8310504091871,45.21446151602719,7,11,13
1708128887.9087226,22.15421875,441024,41.01477482627174,1007.8311735782304,45.21343158736427,6,10,12
1708128888.920737,22.058515625,443344,41.150524699971015,1007.8251598768859,45.263717746095836,6,10,12
1708128889.9327383,21.951484375,447759,41.285140518552616,1007.8233378983601,45.27895305368842,6,10,12
1708128890.944739,21.83625,446573,41.437236260630506,1007.8237982133417,45.27510391712032,6,11,13
1708128891.9567573,21.7157421875,451961,41.5766677456058,1007.8155455826676,45.344112320529526,6,11,13
1708128892.9687939,21.5977734375,450752,41.759185760406176,1007.8131525096902,45.36412325499965,6,11,13
1708128893.9807384,21.485078125,452568,41.911879974521796,1007.8123395005151,45.370921666263904,6,10,12
1708128894.9925919,21.374140625,453176,42.10767648129759,1007.8073423285201,45.41270829143798,6,10,12
1708128896.0046353,21.2669140625,454091,42.279573688984975,1007.8083847971922,45.403991097611694,6,10,12
1708128897.0167038,21.160859375,460291,42.44561075056197,1007.8007831300063,45.467556922308546,6,11,12
1708128898.0287743,21.0575390625,459037,42.61820800840802,1007.7958717906928,45.50862618980746,6,11,12
1708128899.04076,20.956953125,459350,42.79124633602912,1007.7919009305807,45.54183116459061,6,11,12
1708128900.05276,20.8565625,460605,42.9705926562253,1007.7952150378535,45.51411805601091,5,10,12
1708128901.064718,20.7567578125,461551,43.15015809531273,1007.8047009537662,45.43479567917819,5,10,12
1708128902.07681,20.657734375,464412,43.32996489150609,1007.8066660297059,45.41836355195084,5,10,12
1708128903.0889382,20.5551953125,460605,43.521861341982664,1007.7958056015592,45.50917967318743,5,9,11
1708128904.1009762,20.4575390625,463773,43.726814992734646,1007.7964276806659,45.503977756356896,5,9,11
1708128905.1129267,20.364765625,466016,43.93252000962171,1007.7980295981615,45.49058229902626,5,9,11
1708128906.1249704,20.27296875,465373,44.13236269330165,1007.7889453074819,45.56654663196557,5,8,10
1708128907.1369925,20.18703125,468933,44.33305969807683,1007.7947083339357,45.51835519250118,5,8,10
1708128908.1490946,20.1063671875,468282,44.54694269161744,1007.8003569017211,45.471121093056055,5,8,10
1708128909.1612499,20.0284375,469259,44.76757084002081,1007.8017223059971,45.4597034271812,4,8,9
1708128910.173284,19.9532421875,470569,44.95149537536977,1007.8093059866337,45.39628805502343,4,8,9
1708128911.185336,19.8774609375,471556,45.141739750683556,1007.8158992352285,45.34115507247154,4,8,9
1708128912.197279,19.8040234375,473211,45.31998789090555,1007.8070798837658,45.41490287344364,5,8,9
1708128913.2090664,19.734296875,470241,45.5237322830114,1007.8043419357704,45.43779782010077,5,8,9
1708128914.2211506,19.6684765625,473211,45.715664115208625,1007.7992644350729,45.4802564324571,5,8,9
1708128915.2332106,19.6079296875,475883,45.895904404624645,1007.7941003289452,45.523439426494804,5,8,10
1708128916.2452025,19.5469921875,472879,46.0700187290942,1007.7935235179099,45.52826281399522,5,8,10
1708128917.2571812,19.487421875,474877,46.25069853581544,1007.7969277634045,45.49979599295888,5,8,10
1708128918.269148,19.43,476892,46.406755201149615,1007.8038503432982,45.44190856217902,5,8,9
1708128919.2811375,19.374921875,476219,46.58826499297187,1007.8093696256756,45.395755901663165,5,8,9
1708128920.293104,19.319453125,478585,46.73854493067602,1007.8124839650782,45.36971364818965,5,8,9
1708128921.3051572,19.265546875,476892,46.914223475162956,1007.8006791311502,45.46842657278492,4,7,9
1708128922.3170955,19.2153515625,475212,47.065364731322134,1007.801960178235,45.4577143137533,3,6,8
1708128923.329148,19.1704296875,478245,47.21723681497286,1007.8049191412979,45.432971175748726,3,6,8
1708128924.3412194,19.12765625,476555,47.37577062893391,1007.8026684767229,45.451791447292806,3,6,8
1708128925.3532486,19.0837109375,478585,47.53429781177782,1007.8002283469207,45.47219608356735,4,7,9
1708128926.3652742,19.041328125,476219,47.68683540023193,1007.8020988176394,45.45655499620806,4,7,9
1708128927.377245,19.0034375,477568,47.8210980937323,1007.7956333394711,45.510620154519174,4,6,8
1708128928.3892164,18.9673046875,475547,47.949348704150715,1007.797296191009,45.49671514969886,4,6,8
1708128929.401174,18.9325390625,475883,48.08416139912089,1007.7994569808892,45.47864634027018,4,6,8
1708128930.4131947,18.8981640625,480631,48.21911446128591,1007.8040018510545,45.44064164002181,4,7,8
1708128931.4267085,18.8661328125,477906,48.34811383013276,1007.8036669030568,45.443442506993314,4,7,8
1708128932.4389222,18.8341015625,478924,48.47086981954967,1007.8050738781823,45.43167725243,4,7,8
1708128933.4507725,18.8005078125,476219,48.59351799976507,1007.8004109374639,45.47066923979243,4,7,9
1708128934.4625554,18.7684765625,475883,48.71009129777723,1007.8070473889787,45.41517459723579,4,7,9
1708128935.4748075,18.737421875,478245,48.82685053170062,1007.8013171977401,45.46309098720295,4,7,9
1708128936.4865825,18.705,481317,48.924480459452155,1007.8073007858335,45.41305567435357,4,7,8
1708128937.4982853,18.671796875,480631,49.022064836248134,1007.8067546608178,45.417622411887216,4,7,8
1708128938.5102165,18.63859375,482350,49.13240038136672,1007.804457802558,45.43682893145901,4,7,8
1708128939.522178,18.606171875,482696,49.24924693818681,1007.7982053998437,45.48911222190977,5,7,8
1708128940.5340827,18.5755078125,485126,49.34729488251206,1007.7913523183174,45.54641875743906,5,7,8
1708128941.5462282,18.5446484375,486176,49.451730428400836,1007.7929023045949,45.53345750306454,5,7,8
1708128942.5581799,18.5175,484778,49.54393486400173,1007.7918317442485,45.54240971283443,5,7,8
1708128943.5701408,18.490546875,484778,49.64894437284043,1007.7875886885718,45.5778909500223,5,7,8
1708128944.581846,18.4641796875,490062,49.72221810128236,1007.7895440937826,45.561539465352595,5,7,8
1708128945.593847,18.4407421875,484082,49.82137127753604,1007.7858494976899,45.5924344293453,4,7,8
1708128946.6058612,18.4274609375,483734,49.91542320067858,1007.7831731587419,45.61481457725883,4,7,8
1708128947.617579,18.41828125,486176,50.00363651181036,1007.7837612304838,45.60989698503088,4,7,8
1708128948.6294625,18.410078125,485476,50.09201011312781,1007.7911932526023,45.54774889348166,5,7,8
1708128949.6414118,18.4003125,485476,50.1482995750558,1007.7943058663741,45.5217206896939,5,7,8
1708128950.6533456,18.3798046875,487582,50.216080491933965,1007.7954305665448,45.512315772296915,5,7,8
1708128951.6652806,18.35578125,486878,50.2642845961206,1007.7959976982348,45.507573332302556,5,8,9
1708128952.6772196,18.336640625,486176,50.32587754231058,1007.79239004084,45.537741139741314,5,8,9
1708128953.6891663,18.3157421875,487230,50.39367062515558,1007.7981004874683,45.489989513159756,5,8,9
1708128954.7011766,18.292109375,489351,50.46755132581106,1007.8062839620388,45.42155843129076,4,7,8
1708128955.7131333,18.268671875,488996,50.528683489014156,1007.7990820984052,45.48178115469939,4,7,8
1708128956.725163,18.2466015625,491133,50.602803888822436,1007.8028548282726,45.450233156594244,4,7,8
1708128957.7371216,18.2251171875,491491,50.68983261997732,1007.8128247831523,45.36686371527863,4,8,8
1708128958.7491014,18.21515625,490776,50.752677081346825,1007.8173511283142,45.32901432936082,4,8,8
1708128959.761158,18.203046875,489706,50.828098694076786,1007.820081948434,45.306179225191684,4,8,8
1708128960.7731092,18.19171875,494011,50.87799818975623,1007.8153757788356,45.34553222303808,4,7,7
1708128961.7851279,18.183125,493289,50.921832019997154,1007.8151743081278,45.34721692474435,4,7,7
1708128962.7971156,18.174921875,490419,50.97213815288225,1007.8173607432876,45.32893392891236,4,7,7
1708128963.8090956,18.164375,493650,51.022170309997676,1007.8174298291208,45.328356232905875,4,7,8
1708128964.8210506,18.14796875,494011,51.039409674511134,1007.811333426866,45.379334495581645,4,7,8
1708128965.8330348,18.1305859375,495828,51.08862025567727,1007.8140941871616,45.356248920478926,4,7,8
1708128966.8450391,18.1149609375,496924,51.105960465476336,1007.8075385311688,45.41106763100861,4,7,8
1708128967.85698,18.1008984375,496924,51.1491735483279,1007.805301099593,45.42977720747917,4,7,8
1708128968.8688717,18.08625,497657,51.17948061727115,1007.800353027755,45.47115348761768,4,7,8
1708128969.880773,18.0696484375,496558,51.22882035054599,1007.7974190041667,45.49568816906582,4,8,9
1708128970.892719,18.055390625,496558,51.27203541468906,1007.8035788376058,45.44417891878406,4,8,9
1708128971.9047568,18.0383984375,500242,51.3149235366972,1007.803487444181,45.444943159463996,4,8,9
1708128972.9167058,18.022578125,495828,51.370819729704884,1007.7948605575086,45.51708227527105,3,7,9
1708128973.9286947,18.0065625,497290,51.41384862547336,1007.7928878383759,45.53357847202687,3,7,9
1708128974.940614,17.99015625,498025,51.443977642611415,1007.7902703733948,45.55546617830416,3,7,9
1708128975.9522119,17.9758984375,495828,51.50653391596914,1007.7911923103098,45.5477567730965,4,8,8
1708128976.9642267,17.9676953125,499131,51.53768711566103,1007.7951148819222,45.51495557525194,4,8,8
1708128977.9761546,17.958515625,500985,51.59446407836704,1007.7956836711887,45.51019927314948,4,8,8
1708128978.9879274,17.948359375,502104,51.64470015458156,1007.7911546870628,45.54807138546341,3,7,8
1708128980.0000055,17.933515625,500613,51.69437028123807,1007.7876203327348,45.57762633507521,3,7,8
1708128981.012071,17.9161328125,499131,51.73085877018072,1007.785132527366,45.598429891644884,3,7,8
1708128982.0241208,17.9005078125,499500,51.76757074050423,1007.7907721361247,45.55127034581937,4,7,8
1708128983.036083,17.885859375,503980,51.79152585531998,1007.7858129599994,45.592739965400874,4,7,8
1708128984.04806,17.86984375,500242,51.828200009947,1007.785574996978,45.59472986378758,4,7,8
1708128985.060044,17.8536328125,502853,51.86485638199875,1007.776295237172,45.67232952431174,4,7,8
1708128986.0720482,17.8423046875,501357,51.902123375283004,1007.7855246933792,45.59515051343763,4,7,8
1708128987.084027,17.828828125,501730,51.95202490484274,1007.7877248379143,45.5767524414942,4,7,8
1708128988.0960855,17.8157421875,501730,51.98909021440484,1007.7905679205041,45.55297803429507,3,6,7
1708128989.1081572,17.8012890625,505113,52.04534228584645,1007.7894130562255,45.562635226492404,3,6,7
1708128990.1202023,17.7848828125,504357,52.08201276885447,1007.781550917354,45.62838014784347,3,6,7
1708128991.132178,17.767890625,501357,52.125069574331846,1007.7779527647878,45.658468823513864,3,7,7
1708128992.1442008,17.75265625,504735,52.174807776022114,1007.785968338816,45.59144065424838,4,8,8
1708128993.1562443,17.7411328125,501730,52.21210728731792,1007.7913822610401,45.546168371039194,4,8,8
1708128994.1682265,17.7315625,502104,52.26257065601025,1007.787810958923,45.57603228014021,4,8,9
1708128995.1802442,17.7204296875,502104,52.3063937604589,1007.7921241080767,45.53996491545023,4,8,9
1708128996.1922307,17.71046875,502104,52.35683273969642,1007.7844213989729,45.60437650586041,4,8,9
1708128997.2043178,17.699921875,502478,52.4136741662616,1007.7862126327383,45.58939781614564,4,8,9
1708128998.2163656,17.6909375,503980,52.46426242517843,1007.7870923933436,45.582041072850664,4,8,9
1708128999.2283785,17.681953125,505113,52.514863810101915,1007.7897150570013,45.56010983836536,4,8,9
1708129000.24041,17.6700390625,503980,52.55217791423836,1007.794480763601,45.52025817137655,4,8,8
1708129001.2523634,17.659296875,503228,52.6090515461957,1007.7889749621189,45.566298654112366,4,8,8
1708129002.2643962,17.6489453125,503980,52.646578127700685,1007.78759917646,45.577803248160606,4,8,8
1708129003.2764149,17.639375,504357,52.684209273107186,1007.7892540491765,45.56396487402989,5,8,9
1708129004.2884388,17.62921875,507775,52.715301401796715,1007.7899425139291,45.558207800533026,5,8,9
1708129005.3004198,17.619453125,508925,52.733499997962205,1007.7877882483668,45.57622219041829,5,8,9
1708129006.3124166,17.608515625,505871,52.76450181742916,1007.7837016878995,45.61039489381768,5,8,9
1708129007.3243747,17.5989453125,506631,52.782729008080324,1007.7818686863249,45.62572288629766,5,8,9
1708129008.3363597,17.5891796875,508158,52.82683704331385,1007.7779703084686,45.65832211854132,5,8,9
1708129009.3483987,17.580390625,508541,52.851644458502804,1007.7861396554827,45.59000806754733,5,9,9
1708129010.3603675,17.5721875,508925,52.87005027249911,1007.7900455016719,45.55734659767058,5,9,9
1708129011.3723612,17.564375,511240,52.89498509717784,1007.7876231137327,45.57760307980688,5,9,9
1708129012.384354,17.556953125,510080,52.93941129520374,1007.7875874761564,45.57790108848785,5,9,9
1708129013.3963938,17.549140625,510080,52.9513931889596,1007.7869075714531,45.58358659195862,5,9,9
1708129014.4084082,17.5409375,511240,52.9633267819375,1007.7786117882904,45.6529578932581,5,9,9
1708129015.4206722,17.5333203125,512795,53.00126127759503,1007.7765105944502,45.67052864661069,5,10,10
1708129016.4329128,17.5266796875,511628,53.0328421813654,1007.7795049966821,45.64548865117542,5,10,10
1708129017.4449193,17.521015625,511628,53.04509869938018,1007.7771378701918,45.66528319345148,5,10,10
1708129018.456956,17.5169140625,511240,53.08348992914823,1007.7738611421322,45.692684128478895,5,10,11
1708129019.4690428,17.5153515625,510466,53.10274972512483,1007.7677993306854,45.743374915667836,5,10,11
1708129020.4809155,17.513203125,510466,53.13491096839112,1007.764257133113,45.77299600792185,5,10,11
1708129021.4929564,17.5126171875,509694,53.17376201350547,1007.7667767208819,45.75192632705783,5,10,11
1708129022.504716,17.5102734375,510080,53.20591090519271,1007.7663981257753,45.75509227004101,5,10,11
1708129023.5169072,17.5087109375,510853,53.2251832223069,1007.7690504003443,45.73291305472985,5,10,11
1708129024.528782,17.505,510853,53.2506779879577,1007.7629320087128,45.7840771822608,5,9,9
1708129025.5405571,17.4993359375,511628,53.27593037848002,1007.7623073520558,45.78930079352736,5,9,9
1708129026.5521328,17.4977734375,510466,53.30819480101114,1007.7667022950875,45.752548701169154,5,9,9
1708129027.5640614,17.495234375,512016,53.31436808660891,1007.7625159845536,45.78755613070239,5,8,9
1708129028.5760758,17.49171875,512016,53.34639310661524,1007.7619478525313,45.79230706342716,5,8,9
1708129029.5878468,17.4903515625,510466,53.365704169641546,1007.7614364393313,45.79658369397797,5,8,9
1708129030.5997224,17.4895703125,510080,53.38509102888378,1007.7566628251142,45.83650254578144,5,9,9
1708129031.611472,17.4860546875,512016,53.41712792381706,1007.7543518951901,45.85582751162672,5,9,9
1708129032.6233566,17.4872265625,510080,53.43026919756062,1007.7562840420494,45.839670086272825,5,9,9
1708129033.6351075,17.4860546875,508925,53.45611128896723,1007.750866400978,45.88497474484932,4,8,8
1708129034.646978,17.485078125,510466,53.48198158647482,1007.7562272627823,45.84014489804594,4,8,8
1708129035.6588953,17.4815625,510466,53.48803696319444,1007.753916281717,45.8594702983225,3,7,7
1708129036.6708617,17.4774609375,509694,53.52651741383044,1007.7541246398304,45.85772791825746,4,7,7
1708129037.682767,17.4753125,513576,53.545748202597395,1007.7523250581368,45.872776803203216,4,7,7
1708129038.6947348,17.473359375,511628,53.57800938125776,1007.7508474960728,45.88513283619337,5,8,8
1708129039.706847,17.4721875,511628,53.61037480523524,1007.7541434570652,45.85757056046591,6,8,11
1708129040.718918,17.471796875,513576,53.60382229654494,1007.7534993985533,45.86295645533099,6,8,11
1708129041.730904,17.471796875,511628,53.6298362517824,1007.7622129406435,45.79009029709247,6,8,11
1708129042.742898,17.471796875,511628,53.642844606635144,1007.7587275234999,45.819236701740884,6,8,11
1708129043.7549024,17.4731640625,510080,53.66253176324052,1007.7540108919248,45.85867912707675,6,8,11
1708129044.766878,17.4762890625,510466,53.67593773481798,1007.7556779170138,45.84473875626261,6,8,11
1708129045.7788935,17.4794140625,510466,53.689344784512855,1007.75211672814,45.87451895066271,5,8,10
1708129046.7909153,17.4815625,510080,53.7221501199947,1007.753916281717,45.8594702983225,5,8,10
1708129047.8029208,17.4844921875,509694,53.76807776523647,1007.7535184440129,45.86279718895049,5,8,10
1708129048.8149061,17.486640625,510466,53.78136825183371,1007.7500897223326,45.891469683874824,5,7,10
1708129049.8269548,17.489765625,508158,53.81431423535603,1007.7500138197498,45.89210441590978,5,7,10
1708129050.8388088,17.4942578125,510853,53.85395162453294,1007.7521920176924,45.873889346137425,5,7,10
1708129051.8501863,17.4985546875,508541,53.90660048579937,1007.7540481374117,45.85836766431939,5,7,9
1708129052.862165,17.5040234375,507393,53.9398673691158,1007.7473795367384,45.914133516521446,5,7,9
1708129053.8741424,17.5087109375,508158,53.98607448425563,1007.7481366872353,45.90780186689122,5,7,9
1708129054.8861206,17.5153515625,506251,54.012987706383086,1007.7468854005023,45.918265718904486,5,7,9
1708129055.8980842,17.52140625,508158,54.039830752060496,1007.746410709997,45.92223530837859,5,7,9
1708129056.9100063,17.527265625,507012,54.04057610305489,1007.7421281228225,45.95804842296673,5,7,9
1708129057.921997,17.53390625,508541,54.04142089694585,1007.744361946918,45.9393680643695,5,8,11
1708129058.9340103,17.5403515625,509309,54.02920341565006,1007.7427878299939,45.95253161689871,5,8,11
1708129059.9460356,17.5485546875,509694,54.00417435474898,1007.7458544021567,45.92688742304735,5,8,11
1708129060.958064,17.55578125,512406,53.97902414637526,1007.7455678323531,45.929283858869184,4,8,12
1708129061.9700751,17.564375,509694,53.967083333265634,1007.7457920220177,45.92740907600623,4,8,12
1708129062.9819033,17.570625,509309,53.954845223006515,1007.7473809405618,45.91412177708287,4,8,12
1708129063.9939437,17.5766796875,510080,53.92955198294975,1007.7486477274474,45.90352830973869,4,8,12
1708129065.0059595,17.58078125,511628,53.917043038213016,1007.7414654779554,45.96358979847863,4,8,12
1708129066.0169954,17.58390625,510080,53.8978964644327,1007.7344161645966,46.02253994718701,4,8,12
1708129067.0290084,17.5880078125,510466,53.87236232878429,1007.7342057130659,46.02429986117806,4,9,12
1708129068.0410533,17.5923046875,511240,53.87290799780749,1007.7325741276738,46.03794410541695,4,9,12
1708129069.053131,17.5962109375,511628,53.8603776877383,1007.7302984841724,46.05697435944071,4,9,12
1708129070.065157,17.5993359375,511628,53.854261610532006,1007.7337070678572,46.028469813882296,3,8,9
1708129071.0772347,17.6040234375,513576,53.85485680362807,1007.7257469114386,46.09503736134132,3,8,9
1708129072.0892417,17.6075390625,511628,53.82274173278293,1007.7280562739583,46.07572505891439,3,8,9
1708129073.1012886,17.608125,510080,53.80979310124942,1007.7237929530625,46.11137758484058,3,7,8
1708129074.1133296,17.6094921875,511240,53.796944486767,1007.7277898331976,46.077953197751455,3,7,8
1708129075.1253743,17.6110546875,509694,53.78412150693876,1007.7233932574741,46.11472009280307,3,7,8
1708129076.1373465,17.61203125,508925,53.77122505620278,1007.7180307469623,46.159564909900666,3,7,8
1708129077.1493177,17.61359375,507012,53.76491340039354,1007.7206064891429,46.138024846518555,4,8,9
1708129078.1613255,17.6141796875,508541,53.764987714836195,1007.7076276304388,46.24656311935061,4,8,9
1708129079.1733267,17.6169140625,511628,53.75231544699707,1007.715621329094,46.17971409949499,4,9,11
1708129080.1853638,17.619453125,507393,53.75263743354935,1007.7163206585559,46.17386582727222,4,9,11
1708129081.1973093,17.624921875,507775,53.75984049214243,1007.7166200499721,46.17136211207374,4,9,11
1708129082.209099,17.62765625,507393,53.7471684455706,1007.7193843965592,46.14824478917898,4,9,10
1708129083.2211008,17.628046875,510853,53.760236858676805,1007.7147989213051,46.18659164124306,4,9,10
1708129084.233126,17.628046875,506251,53.760236858676805,1007.7113126549868,46.215746257690974,4,9,10
1708129085.2451699,17.632734375,503228,53.76734127264281,1007.7085808223591,46.23859182488672,4,9,10
1708129086.2571712,17.6434765625,500613,53.76870409542528,1007.7071135861306,46.25086193985095,4,9,10
1708129087.2691607,17.64953125,500985,53.775982570085745,1007.7048917984632,46.269442199777146,4,9,10
1708129088.2812045,17.6489453125,498762,53.80195153223942,1007.6969531902514,46.33583108486969,4,7,9
1708129089.2932286,17.6485546875,498393,53.827948914492566,1007.7015388601837,46.29748205489092,4,7,9
1708129090.3052897,17.6481640625,499500,53.847436932818056,1007.7043813368014,46.27371106890087,4,7,9
1708129091.3172922,17.649140625,496924,53.867100699855435,1007.6937887583148,46.362294671399376,5,7,8
1708129092.3293545,17.6497265625,502104,53.88671695607605,1007.6930114070076,46.36879553366184,5,7,8
1708129093.3413663,17.6489453125,500613,53.899646666171456,1007.6934668117038,46.36498705793226,5,7,8
1708129094.3533583,17.6454296875,502478,53.89268521027524,1007.6876717781826,46.4134500888317,5,7,8
1708129095.3653562,17.639765625,504357,53.87893701115992,1007.6905375018317,46.389484426389316,5,7,8
1708129096.3773508,17.635078125,505492,53.891369621562454,1007.6845538866431,46.439524660192944,5,7,8
1708129097.3893387,17.6270703125,507775,53.89686637360355,1007.6905284295811,46.38956029631553,4,7,8
1708129098.4012928,17.619453125,507393,53.90241290700268,1007.6954033478036,46.34879213568115,4,7,8
1708129099.4134262,17.611640625,509309,53.88839152682683,1007.6912404952068,46.383605395531276,4,7,8
1708129100.4263923,17.603828125,509309,53.87437152029914,1007.6818482795009,46.46215139710349,4,8,9
1708129101.4389117,17.5997265625,512406,53.88036416622886,1007.6768301988459,46.50411726173829,4,8,9
1708129102.4509254,17.5923046875,511628,53.88593522194628,1007.6820261110755,46.460664206933224,4,8,9
1708129103.4629107,17.583515625,512406,53.88481890604562,1007.681481867761,46.4652156676444,4,8,9
1708129104.4748816,17.5766796875,513576,53.896978519582696,1007.6806710102138,46.471996804278135,4,8,9
1708129105.4868636,17.567109375,515146,53.90227710644505,1007.6840671996247,46.443594774122076,4,8,9
1708129106.498833,17.5544140625,515934,53.894150752243355,1007.6805683163478,46.47285562516081,4,8,9
1708129107.5107782,17.544453125,516329,53.899399799453086,1007.6815765813053,46.464423586160045,4,8,9
1708129108.5223296,17.539765625,516725,53.911832888682945,1007.6808206209686,46.47074562120642,4,8,9
1708129109.5340326,17.5321484375,518313,53.92389460744198,1007.6787205674177,46.488308219052996,4,8,8
1708129110.5459566,17.5231640625,519912,53.9162390403798,1007.6848234728405,46.437270138989476,4,8,8
1708129111.5576372,17.5190625,519912,53.915718220142665,1007.676318877981,46.5083934125937,4,8,8
1708129112.5696268,17.5159375,519111,53.93486544718238,1007.6607101352894,46.63892939348783,4,8,8
1708129113.5816915,17.5159375,517915,53.94138058138056,1007.6607101352894,46.63892939348783,4,8,8
1708129114.5934834,17.5190625,517518,53.98087336818419,1007.6710903797423,46.552119183034876,4,8,8
1708129115.6052916,17.5204296875,515934,54.00711568055479,1007.6698586105923,46.5624204574026,5,8,8
1708129116.6170719,17.5200390625,515934,54.03965684429937,1007.6692146401946,46.56780598012933,5,8,8
1708129117.628794,17.51984375,515540,54.039632000564254,1007.6688926550439,46.57049874213251,5,8,8
1708129118.640648,17.517890625,515540,54.04590239575605,1007.6674156344234,46.582851075379494,5,8,8
1708129119.6527562,17.51671875,517121,54.05879164450901,1007.6654837228023,46.59900768721443,5,8,8
1708129120.664539,17.5175,515934,54.08497047419525,1007.6702573200893,46.55908605233403,5,8,8
1708129121.676536,17.521015625,515146,54.08541794365969,1007.6690817285621,46.568917520101635,5,8,9
1708129122.688467,17.521015625,515934,54.10498004937731,1007.6655960531342,46.59806826592778,5,8,9
1708129123.7004094,17.5235546875,515934,54.10530332187962,1007.6575819324253,46.66509076415972,5,8,9
1708129124.712372,17.52453125,519111,54.12499195403953,1007.6539632938031,46.69535376405059,5,8,9
1708129125.7243474,17.524140625,514752,54.13146409083172,1007.6568050275168,46.67158808228584,5,8,9
1708129126.7363427,17.5255078125,513968,54.144682721456995,1007.6555731877773,46.68189006524854,5,8,9
1708129127.7483714,17.529609375,512406,54.16477385191295,1007.6553633083569,46.6836453061282,5,8,9
1708129128.7602992,17.53625,509694,54.1786671719357,1007.6541104036307,46.69412346963272,5,8,9
1708129129.7720432,17.541328125,508158,54.192362565629644,1007.6572530744583,46.66784102924805,5,8,9
1708129130.7840524,17.541328125,511628,54.21193639646217,1007.6485386123443,46.74072102728005,5,8,9
1708129131.7961352,17.542109375,511240,54.23813772387089,1007.6445978137899,46.773678523390096,5,8,9
1708129132.8081944,17.5462109375,509309,54.25823984301676,1007.6443875570766,46.77543693511117,5,8,9
1708129133.820165,17.5512890625,509694,54.27846901190678,1007.6457870554228,46.76373270421449,5,8,8
1708129134.8321233,17.553828125,511628,54.27879316766935,1007.6534584759651,46.699575607979064,5,8,8
1708129135.8440924,17.556171875,512795,54.279092397054455,1007.6520932953935,46.710992763240895,5,8,8
1708129136.8560698,17.556953125,513185,54.29877546874605,1007.6429235534343,46.78768064830798,5,7,8
1708129137.868053,17.557734375,513185,54.29887524187508,1007.6494402188212,46.73318077021666,5,7,8
1708129138.8800585,17.559296875,512795,54.299074790911845,1007.6485300599368,46.740792552248735,5,7,8
1708129139.892073,17.55421875,512795,54.298426270088584,1007.6401589933766,46.81080117683507,5,7,8
1708129140.9040742,17.54875,516725,54.30425604615758,1007.6328869343788,46.87161900028483,5,7,8
